Point    ;DATE;TIME    ;Lat    ;Long    ;ROAD SURFACE ;CLOUD COVER %;SURFACE WETNESS    ;RAINING;# TOTAL VEHICLES;Vegetation Biome;Nearest River (m);Buffalo;(m);Elephant;(m)2;Giraffe;(m)3;Impala;(m)4;Kudu;(m)5;Warthog;(m)6;Zebra;(m)7
1;2019/07/09;7:09;-24,47305298;31,41175403;Tar;0;Dry;No;4;Savanna;0,01280022842;;;;;;;< 6;> 20;;;;;;
2;2019/07/09;7:20;-24,47274101;31,42266802;Tar;0;Dry;No;12;Savanna;0,01373898670;;;;;;;< 6;> 20;;;;;;
3;2019/07/09;7:34;-24,470669;31,43263796;Tar;0;Dry;No;4;Savanna;0,01478365413;;;;;;;< 6;> 20;;;;;;
4;2019/07/09;7:48;-24,46856397;31,44276104;Tar;0;Dry;No;1;Savanna;0,00888988301;;;;;;;;;;;;;;
5;2019/07/09;8:01;-24,46797003;31,45318704;Tar;0;Dry;No;3;Savanna;0,01117960564;;;;;;;< 6;> 20;;;;;;
6;2019/07/09;8:14;-24,46131002;31,46031803;Tar;0;Dry;No;5;Savanna;0,01081059914;;;;;;;;;;;;;;
7;2019/07/09;8:27;-24,45198398;31,46381797;Tar;0;Dry;No;2;Savanna;0,00709096342;;;;;< 6;> 20;;;;;;;;
8;2019/07/09;8:40;-24,44491502;31,47054101;Tar;0;Dry;No;8;Savanna;0,00993654879;;;;;;;;;;;;;;
9;2019/07/09;8:55;-24,43997196;31,47965399;Tar;0;Dry;No;12;Savanna;0,00460106220;;;;;;;< 6;> 20;;;;;;
10;2019/07/09;9:09;-24,43966803;31,48963599;Tar;0;Dry;No;4;Savanna;0,00215817417;;;;;;;;;;;;;;
11;2019/07/09;9:28;-24,43422399;31,49823298;Tar;0;Dry;No;2;Savanna;0,00823258877;;;;;;;;;;;;;;
12;2019/07/09;9:41;-24,426447;31,50433098;Tar;0;Dry;No;3;Savanna;0,00852787615;;;;;;;;;;;;;;
13;2019/07/09;9:57;-24,42049904;31,51205398;Tar;0;Dry;No;2;Savanna;0,00215692179;;;;;;;;;;;;;;
14;2019/07/09;10:10;-24,41512498;31,52032197;Tar;0;Dry;No;8;Savanna;0,00076614380;;;;;;;;;;;;;;
15;2019/07/09;10:23;-24,40902899;31,52848201;Tar;0;Dry;No;2;Savanna;0,00404497307;;;;;;;;;;;;;;
16;2019/07/09;10:35;-24,40650503;31,53851196;Tar;0;Dry;No;3;Savanna;0,00312967060;;;;;;;;;;;;;;
17;2019/07/09;10:48;-24,405032;31,54894802;Tar;0;Dry;No;6;Savanna;0,00084839649;;;;;;;>= 6;< 20;;;;;;
18;2019/07/09;11:00;-24,407549;31,55904503;Tar;0;Dry;No;4;Savanna;0,00863429957;;;;;;;;;;;;;;
19;2019/07/09;11:13;-24,41035802;31,56888203;Tar;0;Dry;No;0;Savanna;0,00323435141;;;;;;;;;;;;;;
20;2019/07/09;11:27;-24,405249;31,57774203;Tar;0;Dry;No;3;Savanna;0,00135528570;;;;;;;>= 6;< 20;;;;;;
21;2019/07/09;11:57;-24,40070903;31,58711401;Tar;0;Dry;No;4;Savanna;0,00075728437;;;;;;;;;;;;;;
22;2019/07/09;12:13;-24,39507103;31,59509702;Tar;0;Dry;No;6;Savanna;0,00665362508;;;;;;;;;;;;;;
23;2019/07/09;12:28;-24,39210601;31,60521498;Tar;0;Dry;No;6;Savanna;0,01712976848;;;;;;;;;;;;;;
24;2019/07/09;12:41;-24,38716496;31,61429803;Tar;0;Dry;No;4;Savanna;0,02721133768;;;;;;;;;;;;;;
25;2019/07/09;12:53;-24,38715298;31,62478798;Tar;0;Dry;No;5;Savanna;0,03650115414;;;;;;;;;;;;;;
26;2019/07/09;13:06;-24,38924904;31,63513301;Tar;0;Dry;No;3;Savanna;0,04679813828;;;;;;;;;;;;;;
27;2019/07/09;13:20;-24,38799804;31,64559497;Tar;0;Dry;No;6;Savanna;0,05621129648;;;;;;;;;;;;;;
28;2019/07/09;13:33;-24,38795999;31,65599599;Tar;0;Dry;No;3;Savanna;0,06620190018;;;;;;;< 6;< 20;;;;;;
29;2019/07/09;13:45;-24,39194097;31,66591899;Tar;0;Dry;No;9;Savanna;0,07682060724;;;;;;;;;;;;;;
30;2019/07/09;13:59;-24,39419;31,67602697;Tar;0;Dry;No;5;Savanna;0,07281512010;;;;;;;;;;;;;;
31;2019/07/09;14:12;-24,39232101;31,68642799;Tar;0;Dry;No;4;Savanna;0,06607871157;;;;;;;< 6;> 20;;;;;< 6;> 20
32;2019/07/09;14:25;-24,39136203;31,69614396;Tar;0;Dry;No;7;Savanna;0,06016828003;;;;;< 6;< 20;;;;;;;;
33;2019/07/09;14:38;-24,39441397;31,70630098;Tar;0;Dry;No;7;Savanna;0,05171677246;;;;;;;;;;;;;;
34;2019/07/09;14:55;-24,39326397;31,71661198;Tar;0;Dry;No;14;Savanna;0,04802406589;;;;;;;< 6;> 20;;;<  6;> 20;;
35;2019/07/09;15:11;-24,38903304;31,72598697;Tar;0;Dry;No;10;Savanna;0,04959527601;;;;;;;;;;;;;;
36;2019/07/10;7:36;-24,39446703;31,73456501;Tar;0;Dry;No;4;Savanna;0,04307658606;;;;;;;;;;;;;;
37;2019/07/10;7:48;-24,39731302;31,74445298;Tar;0;Dry;No;4;Savanna;0,03859634130;;;;;;;;;;;;;;
38;2019/07/10;8:01;-24,40129803;31,75416098;Tar;0;Dry;No;3;Savanna;0,03426989368;;;;;;;;;;;;;;
39;2019/07/10;8:15;-24,40298396;31,76443904;Tar;0;Dry;No;7;Savanna;0,02534574060;;;;;;;< 6;< 20;;;;;;
40;2019/07/10;8:27;-24,40257601;31,77499697;Tar;0;Dry;No;6;Savanna;0,01782274373;;;;;;;;;;;;;;
41;2019/07/10;9:15;-24,38171002;31,71546802;Dirt;0;Dry;No;0;Savanna;0,05927687806;;;;;;;;;;;;;;
42;2019/07/10;9:28;-24,37540096;31,70750404;Dirt;0;Dry;No;2;Savanna;0,06801018710;;;;;;;;;;;;;;
43;2019/07/10;9:40;-24,36826402;31,70061797;Dirt;0;Dry;No;1;Savanna;0,07735970724;;;;;;;;;;;;;;
44;2019/07/10;9:53;-24,36045896;31,69506202;Dirt;0;Dry;No;1;Savanna;0,08681863586;;;;;;;;;;;;;;
45;2019/07/10;10:12;-24,350988;31,69407296;Dirt;0;Dry;No;0;Savanna;0,09577701627;;;;;;;>= 6;< 20;;;;;>= 6;< 20
46;2019/07/10;10:28;-24,34288898;31,68906502;Dirt;0;Dry;No;1;Savanna;0,09198294490;;;;;;;;;;;;;;
47;2019/07/10;10:42;-24,33358801;31,68563297;Dirt;0;Dry;No;1;Savanna;0,08213209912;;;;;;;;;;;;;;
48;2019/07/10;10:56;-24,32531901;31,68036704;Dirt;0;Dry;No;0;Savanna;0,07237787966;;;;;;;;;;;;;;
49;2019/07/10;11:09;-24,31732301;31,675068;Dirt;0;Dry;No;1;Savanna;0,06287154755;;;;;;;;;;;;;;
50;2019/07/10;11:20;-24,31236;31,66596802;Dirt;0;Dry;No;4;Savanna;0,05483861240;;;;;;;;;;;;;;
51;2019/07/10;11:33;-24,30451303;31,66148001;Dirt;0;Dry;No;3;Savanna;0,04599295924;;;;;;;;;;;;;;
52;2019/07/10;11:45;-24,29482598;31,66077903;Dirt;0;Dry;No;2;Savanna;0,03657701038;;;;;;;;;;;;;;
53;2019/07/10;11:57;-24,28533599;31,659363;Dirt;0;Dry;No;2;Savanna;0,02724646043;;;;;< 6;< 20;;;;;;;;
54;2019/07/10;12:10;-24,27691704;31,65425196;Dirt;0;Dry;No;2;Savanna;0,01751574592;;;;;;;;;;;;;;
55;2019/07/10;12:22;-24,26757398;31,65183102;Dirt;0;Dry;No;1;Savanna;0,00796727289;;;;;;;;;;;;;>= 6;> 20
56;2019/07/10;12:48;-24,263422;31,64414104;Dirt;0;Dry;No;1;Savanna;0,00387357122;;;;;;;;;;;;;;
57;2019/07/10;13:03;-24,25784896;31,63711499;Dirt;0;Dry;No;0;Savanna;0,00098454942;;;;;;;;;;;;;;
58;2019/07/10;13:17;-24,26018902;31,62767898;Dirt;0;Dry;No;0;Savanna;0,00151627082;;;;;;;>= 6;< 20;;;;;;
59;2019/07/10;13:32;-24,25631298;31,61901302;Dirt;0;Dry;No;1;Savanna;0,00106034993;;;;;;;;;;;;;;
60;2019/07/10;13:48;-24,25448304;31,61048803;Dirt;0;Dry;No;0;Savanna;0,00115038861;;;;;;;< 6;< 20;;;;;;
61;2019/07/10;14:01;-24,25214801;31,60097198;Dirt;0;Dry;No;0;Savanna;0,00066938564;;;;;;;;;;;;;;
62;2019/07/10;14:14;-24,24818697;31,59392204;Dirt;0;Dry;No;0;Savanna;0,00070016424;;;;;;;;;;;<  6;> 20;;
63;2019/07/10;14:28;-24,25476601;31,58721903;Dirt;0;Dry;No;0;Savanna;0,00069621293;;;;;;;;;;;;;;
64;2019/07/10;14:42;-24,26243504;31,58693296;Dirt;0;Dry;No;0;Savanna;0,00168447553;;;;;;;;;;;;;;
65;2019/07/10;14:55;-24,27148598;31,588033;Dirt;0;Dry;No;0;Savanna;0,00101611499;;;;;;;;;;;;;;
66;2019/07/10;15:10;-24,27740503;31,58008603;Dirt;0;Dry;No;0;Savanna;0,00093860417;;;;;< 6;< 20;;;;;;;;
67;2019/07/10;15:24;-24,28586598;31,57726896;Dirt;0;Dry;No;0;Savanna;0,00149079070;;;;;;;;;;;;;;
68;2019/07/11;7:46;-24,28820101;31,567626;Dirt;0;Dry;No;1;Savanna;0,00087889385;;;;;;;;;;;;;;
69;2019/07/11;7:58;-24,291566;31,56313296;Dirt;0;Dry;No;0;Savanna;0,00115948152;;;;;;;;;;;;;;
70;2019/07/11;8:10;-24,29658802;31,57088798;Dirt;0;Dry;No;0;Savanna;0,00169545750;;;;;;;;;;;;;;
71;2019/07/11;8:23;-24,30601498;31,56933599;Dirt;0;Dry;No;1;Savanna;0,00158814332;;;;;;;< 6;< 20;;;;;;
72;2019/07/11;8:36;-24,31394502;31,56573596;Dirt;0;Dry;No;1;Savanna;0,00185284245;;;;;;;;;;;;;;
73;2019/07/11;8:49;-24,31699703;31,57528698;Dirt;0;Dry;No;0;Savanna;0,00141799373;;;;;;;< 6;> 20;;;;;;
74;2019/07/11;9:01;-24,32428602;31,57944398;Dirt;0;Dry;No;0;Savanna;0,00417190572;;;;;;;;;;;;;;
75;2019/07/11;9:15;-24,32917703;31,58714703;Dirt;0;Dry;No;3;Savanna;0,00242900864;;;;;;;;;;;;;;
76;2019/07/11;9:30;-24,33682803;31,59302199;Dirt;0;Dry;No;1;Savanna;0,00232974048;;;;;;;>= 6;> 20;;;;;;
77;2019/07/11;9:43;-24,34474801;31,59811903;Dirt;0;Dry;No;1;Savanna;0,00171882299;;;;;;;>= 6;> 20;;;;;;
78;2019/07/11;9:58;-24,34607101;31,58927402;Dirt;0;Dry;No;0;Savanna;0,00070678223;;;;;;;;;;;;;;
79;2019/07/11;10:11;-24,34967296;31,58134097;Dirt;0;Dry;No;0;Savanna;0,00268862526;;;;;;;;;;;;;;
80;2019/07/11;10:23;-24,35654202;31,57992602;Dirt;0;Dry;No;0;Savanna;0,00127705310;;;;;;;;;;;;;;
81;2019/07/11;10:46;-24,40079201;31,60934902;Dirt;0;Dry;No;5;Savanna;0,02125742859;;;;;;;;;;;;;;
82;2019/07/11;10:59;-24,41004597;31,61181799;Dirt;0;Dry;No;0;Savanna;0,02647138902;;;;;;;;;;;;;;
83;2019/07/11;11:11;-24,41954099;31,61476004;Dirt;0;Dry;No;3;Savanna;0,03407413334;;;< 6;< 20;;;< 6;> 20;;;;;>= 6;> 20
84;2019/07/11;11:23;-24,42864298;31,61739598;Dirt;0;Dry;No;5;Savanna;0,02878654969;;;< 6;> 20;;;;;;;;;< 6;> 20
85;2019/07/11;11:35;-24,43777498;31,62054196;Dirt;0;Dry;No;1;Savanna;0,02249355290;;;< 6;> 20;;;;;;;;;;
86;2019/07/11;11:48;-24,44707604;31,62350203;Dirt;0;Dry;No;1;Savanna;0,01551516953;;;;;;;;;;;;;;
87;2019/07/11;12:00;-24,45656704;31,62594301;Dirt;0;Dry;No;2;Savanna;0,01000723557;;;;;;;;;;;;;;
88;2019/07/11;12:14;-24,46564397;31,62890098;Dirt;0;Dry;No;4;Savanna;0,00776919214;;;;;;;;;;;;;;
89;2019/07/12;10:11;-24,41433197;31,782423;Tar;0;Dry;No;7;Savanna;0,00447640348;;;;;;;;;;;;;;
90;2019/07/12;10:25;-24,422463;31,78489298;Tar;0;Dry;No;8;Savanna;0,00041744886;;;;;;;>= 6;> 20;;;;;;
91;2019/07/12;10:36;-24,43061901;31,78808204;Tar;0;Dry;No;9;Savanna;0,00040794186;;;< 6;< 20;;;;;;;;;;
92;2019/07/12;10:48;-24,43979904;31,78770804;Tar;0;Dry;No;8;Savanna;0,00392820235;;;;;;;;;;;;;;
93;2019/07/12;11:01;-24,448364;31,78994701;Tar;0;Dry;No;11;Savanna;0,01055744225;;;;;;;;;;;;;;
94;2019/07/12;11:12;-24,45668003;31,78837499;Tar;0;Dry;No;4;Savanna;0,01554251414;;;;;;;;;;;;;;
95;2019/07/12;11:25;-24,46502999;31,78503597;Tar;0;Dry;No;8;Savanna;0,01510450349;;;;;;;;;;;;;;
96;2019/07/12;11:39;-24,47392504;31,78333503;Tar;0;Dry;No;8;Savanna;0,00646730316;;;;;;;;;;;;;;
97;2019/07/12;11:50;-24,48166204;31,77929797;Tar;0;Dry;No;8;Savanna;0,00174087126;;;;;;;< 6;> 20;;;;;;
98;2019/07/12;12:01;-24,48827502;31,77295002;Tar;0;Dry;No;9;Savanna;0,00585073871;;;;;;;;;;;;;;
99;2019/07/13;9:52;-25,05405801;31,59484003;Dirt;10;Dry;No;5;Savanna;0,06218199883;;;< 6;> 20;;;;;;;;;;
100;2019/07/13;10:03;-25,06142202;31,59905302;Dirt;20;Dry;No;1;Savanna;0,06972695548;;;;;;;>= 6;> 20;;;;;;
101;2019/07/13;10:32;-25,10059602;31,60253797;Dirt;50;Dry;No;7;Savanna;0,10905268205;;;;;;;>= 6;< 20;;;;;;
102;2019/07/13;10:45;-25,10911597;31,60245398;Dirt;50;Dry;No;4;Savanna;0,11754194432;;;;;;;;;;;;;;
103;2019/07/13;10:56;-25,11751204;31,60461098;Dirt;60;Dry;No;0;Savanna;0,12608158944;;;;;;;>= 6;< 20;;;;;;
104;2019/07/13;11:12;-25,12615504;31,60644896;Dirt;60;Dry;No;1;Savanna;0,13485358610;;;;;;;< 6;< 20;< 6;< 20;;;;
105;2019/07/13;11:25;-25,13512099;31,60771497;Dirt;50;Dry;No;1;Savanna;0,14389894026;;;;;;;;;;;;;;
106;2019/07/13;11:38;-25,14359099;31,609159;Dirt;50;Dry;No;3;Savanna;0,15246954475;;;;;;;;;;;;;;
107;2019/07/13;11:50;-25,15206099;31,611905;Dirt;40;Dry;No;1;Savanna;0,16118233350;;;;;;;;;;;;;;
108;2019/07/13;12:03;-25,16025203;31,61593602;Dirt;40;Dry;No;0;Savanna;0,16979971602;;;;;;;;;;;;;;
109;2019/07/13;12:19;-25,16846001;31,61807097;Dirt;40;Dry;No;1;Savanna;0,17821818844;;;;;;;;;;;;;;
110;2019/07/13;12:30;-25,17759997;31,62019696;Dirt;30;Dry;No;2;Savanna;0,18756383076;;;;;;;;;;;;;;
111;2019/07/13;12:47;-25,18391498;31,62249997;Dirt;20;Dry;No;3;Savanna;0,18254403522;;;;;;;;;;;;;;
112;2019/07/13;12:58;-25,19311404;31,62227601;Dirt;10;Dry;No;5;Savanna;0,17616895693;;;;;;;;;;;;;;
113;2019/07/13;13:10;-25,20144498;31,61883499;Dirt;10;Dry;No;2;Savanna;0,17301960219;;;;;;;;;;;;;;
114;2019/07/13;13:22;-25,20924099;31,61932197;Dirt;5;Dry;No;1;Savanna;0,16757979145;;;;;;;;;;;;;;
115;2019/07/13;13:34;-25,21708896;31,62315401;Dirt;5;Dry;No;0;Savanna;0,15966438396;;;;;;;;;;;;;;
116;2019/07/13;13:45;-25,22642196;31,62319198;Dirt;5;Dry;No;0;Savanna;0,15402041685;;;;;;;;;;;;;;
117;2019/07/13;13:58;-25,23472097;31,62134796;Dirt;2;Dry;No;0;Savanna;0,15089077422;;;;;;;;;;;;;;
118;2019/07/13;14:10;-25,24306498;31,62178399;Dirt;2;Dry;No;1;Savanna;0,14618166291;;;;;;;;;;;;;;
119;2019/07/13;14:22;-25,25043997;31,62634299;Dirt;1;Dry;No;0;Savanna;0,13860896004;;;;;;;;;;;;;;
120;2019/07/13;14:34;-25,25912203;31,62701002;Dirt;1;Dry;No;0;Savanna;0,13410963977;;;;;;;;;;;;;;
121;2019/07/13;14:45;-25,26762396;31,62805701;Dirt;0;Dry;No;0;Savanna;0,12975289706;;;;;;;< 6;< 20;;;;;;
122;2019/07/13;14:57;-25,27575701;31,62532803;Dirt;0;Dry;No;2;Savanna;0,12388985779;;;;;;;;;;;;;;
123;2019/07/13;15:13;-25,28154102;31,62070398;Dirt;0;Dry;No;0;Savanna;0,11778597883;;;;;;;< 6;> 20;;;;;;
124;2019/07/14;9:16;-24,474335;31,62962803;Dirt;0;Dry;No;5;Savanna;0,00082459964;;;;;;;< 6;> 20;;;;;;
125;2019/07/14;9:28;-24,48266502;31,63263202;Dirt;0;Dry;No;4;Savanna;0,00364997002;;;;;;;;;;;;;;
126;2019/07/14;9:50;-24,49033102;31,63687703;Dirt;0;Dry;No;5;Savanna;0,00498041689;;;;;;;>= 6;< 20;;;;;;
127;2019/07/14;10:03;-24,49871502;31,63510401;Dirt;0;Dry;No;1;Savanna;0,00995821472;;;;;;;;;;;;;;
128;2019/07/14;10:15;-24,50266097;31,63897896;Dirt;0;Dry;No;3;Savanna;0,01079159176;;;;;;;>= 6;> 20;>= 6;> 20;;;;
129;2019/07/14;10:28;-24,50965701;31,64074897;Dirt;0;Dry;No;0;Savanna;0,01686614619;;;;;;;< 6;> 20;;;;;;
130;2019/07/14;10:41;-24,51709997;31,63722203;Dirt;0;Dry;No;1;Savanna;0,02494511353;;;;;;;;;;;;;;
131;2019/07/14;10:53;-24,52564901;31,63888601;Dirt;0;Dry;No;1;Savanna;0,03293448480;;;;;;;< 6;< 20;;;;;;
132;2019/07/14;11:05;-24,53453198;31,64135196;Dirt;0;Dry;No;0;Savanna;0,02558746172;;;;;;;;;;;;;;
133;2019/07/14;11:18;-24,54298798;31,64335901;Dirt;0;Dry;No;0;Savanna;0,01826435272;;;< 6;> 20;;;;;;;;;;
134;2019/07/14;11:31;-24,55102103;31,64574601;Dirt;0;Dry;No;2;Savanna;0,01099019597;;;;;;;;;;;;;;
135;2019/07/14;11:44;-24,55948298;31,64382102;Dirt;0;Dry;No;1;Savanna;0,00272900068;;;;;< 6;> 20;;;;;;;;
136;2019/07/14;11:56;-24,56791903;31,64617499;Dirt;0;Dry;No;1;Savanna;0,00239165985;;;;;;;;;;;;;;
137;2019/07/14;12:09;-24,57679303;31,64523798;Dirt;0;Dry;No;4;Savanna;0,00216639414;;;;;;;;;;;;;;
138;2019/07/14;12:21;-24,584682;31,64790401;Dirt;0;Dry;No;1;Savanna;0,00845110624;;;;;;;;;;;;;;
139;2019/07/14;12:33;-24,59216201;31,65271799;Dirt;0;Dry;No;0;Savanna;0,00742791308;;;;;;;;;;;;;;
140;2019/07/14;12:46;-24,59976004;31,65778301;Dirt;0;Dry;No;2;Savanna;0,00249165921;;;;;;;;;;;;;;
141;2019/07/14;12:58;-24,60779501;31,66149703;Dirt;0;Dry;No;1;Savanna;0,00207809711;;;;;;;;;;;;;;
142;2019/07/14;13:12;-24,61068098;31,667704;Dirt;0;Dry;No;0;Savanna;0,00529283255;;;;;;;;;;;;;;
143;2019/07/14;13:24;-24,60644896;31,67395304;Dirt;0;Dry;No;1;Savanna;0,00216361078;;;;;;;;;;;;;;
144;2019/07/14;13:37;-24,60075597;31,68154998;Dirt;0;Dry;No;0;Savanna;0,00165497059;;;;;;;;;;;;;;
145;2019/07/14;13:52;-24,60110902;31,68845298;Dirt;0;Dry;No;1;Savanna;0,00172712939;;;;;;;;;;;;;;
146;2019/07/14;14:07;-24,60939897;31,687881;Dirt;0;Dry;No;0;Savanna;0,00107546670;;;;;;;;;;;;;;
147;2019/07/14;14:22;-24,61548499;31,68033804;Dirt;0;Dry;No;0;Savanna;0,00430393950;;;;;;;< 6;< 20;;;;;;
148;2019/07/14;14:34;-24,623153;31,68028196;Dirt;0;Dry;No;0;Savanna;0,00450064474;;;;;;;< 6;< 20;;;;;;
149;2019/07/14;14:47;-24,63151697;31,67730798;Dirt;0;Dry;No;0;Savanna;0,00837028158;;;;;;;;;;;<  6;< 20;;
150;2019/07/15;8:37;-24,64074897;31,67481503;Dirt;0;Dry;No;0;Savanna;0,01676204262;;;;;;;>= 6;> 20;;;;;;
151;2019/07/15;8:49;-24,64926699;31,67587199;Dirt;0;Dry;No;0;Savanna;0,02533886296;;;;;;;< 6;< 20;;;;;< 6;> 20
152;2019/07/15;9:02;-24,65761403;31,67628204;Dirt;0;Dry;No;1;Savanna;0,03369025214;;;;;;;;;;;;;;
153;2019/07/15;9:14;-24,66615804;31,67548198;Dirt;0;Dry;No;1;Savanna;0,04216760965;;;;;;;;;;;;;;
154;2019/07/15;9:26;-24,67294503;31,67097503;Dirt;0;Dry;No;0;Savanna;0,04897811679;;;;;;;;;;;;;;
155;2019/07/15;9:38;-24,68136004;31,66806098;Dirt;0;Dry;No;0;Savanna;0,05758761238;;;;;;;;;;;;;;
156;2019/07/15;9:50;-24,68503601;31,661291;Dirt;0;Dry;No;0;Savanna;0,06222106533;;;;;;;;;;;;;;
157;2019/07/15;10:02;-24,69207203;31,65543297;Dirt;0;Dry;No;1;Savanna;0,07039090195;;;;;;;;;;;;;;
158;2019/07/15;10:13;-24,70061202;31,65653997;Dirt;0;Dry;No;0;Savanna;0,07844394078;;;;;;;;;;;;;>= 6;> 20
159;2019/07/15;10:28;-24,70934998;31,65724003;Dirt;0;Dry;No;2;Savanna;0,07707885395;;;;;;;>= 6;> 20;;;>= 6;> 20;>= 6;> 20
160;2019/07/15;10:47;-24,71788603;31,66055599;Dirt;0;Dry;No;1;Savanna;0,06986082770;;;>= 6;> 20;;;;;;;;;;
161;2019/07/15;11:00;-24,724051;31,66612401;Dirt;0;Dry;No;0;Savanna;0,06624574389;;;;;;;;;;;;;;
162;2019/07/15;11:12;-24,72947401;31,67313899;Dirt;0;Dry;No;1;Savanna;0,06492237664;;;;;< 6;> 20;;;;;;;;
163;2019/07/15;11:24;-24,73579396;31,67914202;Dirt;0;Dry;No;0;Savanna;0,06345637418;;;;;;;;;;;;;;
164;2019/07/15;11:35;-24,74107004;31,68616396;Dirt;0;Dry;No;1;Savanna;0,06462494173;;;;;;;;;;;;;;
165;2019/07/15;11:47;-24,747521;31,69267603;Dirt;0;Dry;No;1;Savanna;0,06583602460;;;;;;;;;;;;;;
166;2019/07/15;11:59;-24,754568;31,69825402;Dirt;0;Dry;No;0;Savanna;0,06697733799;;;;;;;;;;;;;;
167;2019/07/15;12:10;-24,76259602;31,69498298;Dirt;0;Dry;No;3;Savanna;0,06065784492;;;;;;;;;;;;;;
168;2019/07/15;12:24;-24,76949802;31,68889001;Dirt;0;Dry;No;0;Savanna;0,05259280228;;;;;;;;;;;;;;
169;2019/07/15;12:35;-24,77562703;31,68279704;Dirt;0;Dry;No;1;Savanna;0,04512635443;;;;;;;;;;;;;;
170;2019/07/15;12:46;-24,78423198;31,68232698;Dirt;0;Dry;No;0;Savanna;0,04219676685;;;;;;;;;;;;;;
171;2019/07/15;12:58;-24,79142801;31,68760196;Dirt;0;Dry;No;0;Savanna;0,04408929111;;;;;;;;;;;;;;
172;2019/07/15;13:10;-24,80040704;31,68956199;Dirt;0;Dry;No;0;Savanna;0,04102559949;;;;;;;;;;;;;;
173;2019/07/15;13:22;-24,808742;31,68975301;Dirt;0;Dry;No;1;Savanna;0,03804358670;;;;;;;;;;;;;;
174;2019/07/15;13:34;-24,816853;31,69217496;Dirt;0;Dry;No;0;Savanna;0,03597214285;;;;;;;;;;;;;;
175;2019/07/15;13:45;-24,82412699;31,69730804;Dirt;0;Dry;No;1;Savanna;0,03858370640;;;;;;;;;;;;;;
176;2019/07/15;13:56;-24,83040897;31,703053;Dirt;0;Dry;No;2;Savanna;0,04355347565;;;>= 6;> 20;;;;;;;;;;
177;2019/07/15;14:10;-24,83487602;31,71088002;Dirt;0;Dry;No;1;Savanna;0,05143594431;;;;;;;>= 6;> 20;;;;;;
178;2019/07/15;14:23;-24,83940401;31,71801897;Dirt;0;Dry;No;0;Savanna;0,05896421385;;;;;;;;;;;;;;
179;2019/07/15;14:35;-24,84120897;31,725877;Dirt;0;Dry;No;0;Savanna;0,06699204486;;;>= 6;< 20;;;;;;;;;;
180;2019/07/15;14:57;-24,84090697;31,73521897;Dirt;0;Dry;No;0;Savanna;0,07621934227;>= 6;> 20;;;;;;;;;;;< 6;> 20
181;2019/07/17;7:41;-25,28877804;31,61471101;Dirt;0;Dry;No;3;Savanna;0,11037218674;;;;;;;;;;;;;;
182;2019/07/17;7:53;-25,29689902;31,61289498;Dirt;0;Dry;No;1;Savanna;0,10225895322;;;;;;;>= 6;< 20;;;;;;
183;2019/07/17;8:06;-25,30384996;31,60710099;Dirt;0;Dry;No;1;Savanna;0,09546578437;;;;;;;;;;;;;;
184;2019/07/17;8:19;-25,31181201;31,60340901;Dirt;0;Dry;No;0;Savanna;0,08777247287;;;;;;;;;;;;;;
185;2019/07/17;8:30;-25,31927702;31,59774897;Dirt;0;Dry;No;1;Savanna;0,08110189912;;;;;;;;;;;;;;
186;2019/07/17;8:41;-25,32560502;31,59149799;Dirt;0;Dry;No;1;Savanna;0,07626177314;;;;;;;;;;;;;;
187;2019/07/17;8:53;-25,33280902;31,58602101;Dirt;0;Dry;No;1;Savanna;0,07034562127;;;;;;;;;;;;;;
188;2019/07/17;9:04;-25,34108497;31,58261502;Dirt;0;Dry;No;3;Savanna;0,06236713010;;;;;;;;;;;;;;
189;2019/07/17;9:15;-25,349776;31,58173903;Dirt;0;Dry;No;3;Savanna;0,05382411068;;;;;;;;;;;;;;
190;2019/07/17;9:26;-25,35835203;31,58178303;Dirt;0;Dry;No;3;Savanna;0,04529474798;;;;;;;;;;;;;;
191;2019/07/17;9:38;-25,36602398;31,57776802;Dirt;0;Dry;No;6;Savanna;0,03831073120;;;;;;;>= 6;< 20;;;;;;
192;2019/07/17;9:59;-25,37373198;31,57328202;Dirt;0;Dry;No;0;Savanna;0,03228678609;;;;;;;;;;;;;;
193;2019/07/17;10:10;-25,380854;31,56777101;Dirt;0;Dry;No;2;Savanna;0,02872094309;;;>= 6;> 20;;;;;;;;;;
194;2019/07/17;10:22;-25,38927698;31,56509198;Dirt;0;Dry;No;1;Savanna;0,02069573338;;;;;;;;;;;;;;
195;2019/07/17;10:34;-25,39784697;31,56449402;Dirt;0;Dry;No;2;Savanna;0,01265006931;;;;;;;;;;;;;;
196;2019/07/17;10:47;-25,406438;31,562966;Dirt;0;Dry;No;5;Savanna;0,00497326732;;;;;;;>= 6;< 20;;;;;;
197;2019/07/17;10:59;-25,414147;31,55753897;Dirt;0;Dry;No;6;Savanna;0,00315459497;;;;;;;< 6;> 20;;;;;;
198;2019/07/17;11:11;-25,42131999;31,55429802;Dirt;0;Dry;No;1;Savanna;0,00505389190;;;;;;;>= 6;< 20;;;;;;
199;2019/07/17;11:24;-25,42771404;31,54772904;Dirt;0;Dry;No;3;Savanna;0,00669168347;;;;;;;;;;;;;;
200;2019/07/17;11:36;-25,43210397;31,53920196;Dirt;0;Dry;No;3;Savanna;0,00616446390;;;;;;;;;;;;;;
201;2019/07/17;11:52;-25,43585404;31,53109197;Dirt;0;Dry;No;0;Savanna;0,00359678487;;;;;;;;;< 6;< 20;;;;
202;2019/07/17;12:06;-25,43875602;31,52198704;Dirt;0;Dry;No;2;Savanna;0,00371651817;;;>= 6;> 20;;;;;;;;;;
203;2019/07/18;8:27;-24,49726302;31,76991401;Tar;0;Dry;No;6;Savanna;0,01504139555;;;;;;;;;;;;;;
204;2019/07/18;8:40;-24,50517998;31,76563396;Tar;0;Dry;No;8;Savanna;0,02122348193;;;;;;;;;;;;;;
205;2019/07/18;8:52;-24,51386003;31,76385096;Tar;0;Dry;No;4;Savanna;0,02602958228;;;;;;;>= 6;> 20;;;;;;
206;2019/07/18;9:07;-24,52221997;31,76656997;Tar;0;Dry;No;4;Savanna;0,03440937962;;;;;;;;;;;;;;
207;2019/07/18;9:19;-24,53109297;31,76762198;Tar;0;Dry;No;6;Savanna;0,04237741615;;;;;;;;;;;;;;
208;2019/07/18;9:32;-24,539698;31,76627803;Tar;0;Dry;No;5;Savanna;0,04927229895;;;;;;;;;;;;;;
209;2019/07/18;9:43;-24,54839498;31,76872202;Tar;0;Dry;No;6;Savanna;0,05817722779;;;;;;;;;;;;;;
210;2019/07/18;9:54;-24,55690202;31,77059496;Tar;0;Dry;No;7;Savanna;0,05570015031;;;;;;;;;;;;;;
211;2019/07/18;10:07;-24,56494597;31,775491;Tar;0;Dry;No;7;Savanna;0,04795518873;;;;;;;;;;;;;;
212;2019/07/18;10:19;-24,57139903;31,78127903;Tar;0;Dry;No;4;Savanna;0,04245296562;;;;;;;;;;;;;;
213;2019/07/18;10:31;-24,57962201;31,78425796;Tar;0;Dry;No;8;Savanna;0,03544055633;;;;;;;;;;;;;;
214;2019/07/18;10:43;-24,58838504;31,78602998;Tar;0;Dry;No;4;Savanna;0,02821101389;;;>= 6;< 20;;;>= 6;< 20;;;<  6;> 20;;
215;2019/07/18;10:56;-24,59660701;31,78927202;Tar;0;Dry;No;7;Savanna;0,02024883562;;;;;;;;;;;;;;
216;2019/07/18;11:08;-24,60507299;31,79206504;Tar;0;Dry;No;7;Savanna;0,01233320082;;;;;;;;;;;;;;
217;2019/07/18;11:20;-24,61340804;31,791024;Tar;0;Dry;No;7;Savanna;0,00411561546;;;;;;;>= 6;> 20;;;;;;
218;2019/07/18;11:33;-24,620593;31,794979;Tar;0;Dry;No;7;Savanna;0,00357229582;;;;;;;;;;;;;;
219;2019/07/18;12:01;-24,62842598;31,79583999;Tar;0;Dry;No;14;Savanna;0,00933845098;;;;;;;;;;;;;;
220;2019/07/18;12:14;-24,63666304;31,79898597;Tar;0;Dry;No;5;Savanna;0,00330499312;;;;;;;;;;;;;;
221;2019/07/18;12:25;-24,64509297;31,79988904;Tar;0;Dry;No;8;Savanna;0,00119317361;;;;;;;;;;;;;;
222;2019/07/18;12:37;-24,65222002;31,79491899;Tar;0;Dry;No;5;Savanna;0,00071455666;;;;;;;;;;;;;;
223;2019/07/18;12:48;-24,66047804;31,797595;Tar;0;Dry;No;8;Savanna;0,00169442722;;;;;>= 6;< 20;;;;;;;< 6;> 20
224;2019/07/18;13:00;-24,66911299;31,79722703;Tar;0;Dry;No;5;Savanna;0,00444581709;;;;;;;;;;;;;;
225;2019/07/18;13:12;-24,67606603;31,80229104;Tar;0;Dry;No;8;Savanna;0,00320235546;;;;;;;< 6;> 20;;;;;;
226;2019/07/18;13:24;-24,68091002;31,80995897;Tar;0;Dry;No;7;Savanna;0,00076356412;;;;;;;;;;;;;;
227;2019/07/18;13:37;-24,68783196;31,81559203;Tar;0;Dry;No;8;Savanna;0,00066012745;;;>= 6;< 20;;;;;;;;;;
228;2019/07/18;13:49;-24,69686103;31,81492701;Tar;0;Dry;No;9;Savanna;0,00657095785;;;;;;;;;;;;;;
229;2019/07/18;14:01;-24,70426099;31,81968299;Tar;0;Dry;No;8;Savanna;0,00434667693;;;;;;;;;;;;;;
230;2019/07/18;14:13;-24,709813;31,82716501;Tar;0;Dry;No;7;Savanna;0,00598890165;;;;;;;;;;;;;;
231;2019/07/18;14:25;-24,71761798;31,83162301;Tar;0;Dry;No;5;Savanna;0,00200588324;;;;;< 6;> 20;;;;;;;;
232;2019/07/18;14:37;-24,72509203;31,83641997;Tar;0;Dry;No;8;Savanna;0,00179861022;;;< 6;> 20;>= 6;< 20;< 6;> 20;>= 6;> 20;;;;
233;2019/07/18;14:52;-24,73340697;31,84039199;Tar;0;Dry;No;2;Savanna;0,00070167715;;;>= 6;> 20;;;;;;;;;;
234;2019/07/19;7:15;-25,365136;31,51800497;Tar;0;Dry;No;4;Savanna;0,06514993713;;;;;;;< 6;< 20;;;;;;
235;2019/07/19;7:28;-25,35711201;31,51435196;Tar;0;Dry;No;6;Savanna;0,07351167006;;;;;;;;;< 6;< 20;;;;
236;2019/07/19;7:40;-25,34996099;31,51961496;Tar;0;Dry;No;4;Savanna;0,07582874705;;;;;;;;;< 6;< 20;;;;
237;2019/07/19;7:52;-25,34128698;31,52148698;Tar;0;Dry;No;7;Savanna;0,08203364766;;;;;;;;;;;;;;
238;2019/07/19;8:04;-25,33284296;31,51860896;Tar;0;Dry;No;9;Savanna;0,09075687201;;;;;;;>= 6;< 20;;;;;;
239;2019/07/19;8:16;-25,32452099;31,52069002;Tar;0;Dry;No;2;Savanna;0,09707700943;;;< 6;> 20;;;;;;;;;;
240;2019/07/19;8:29;-25,31520501;31,519621;Tar;0;Dry;No;4;Savanna;0,10592600202;;;;;;;;;;;;;;
241;2019/07/19;8:40;-25,30698001;31,518226;Tar;0;Dry;No;10;Savanna;0,11399104555;;;;;;;;;;;;;;
242;2019/07/19;8:51;-25,29868403;31,52123401;Tar;0;Dry;No;15;Savanna;0,12051232875;;;;;;;;;;;;;;
243;2019/07/19;9:03;-25,29174004;31,52698802;Tar;0;Dry;No;6;Savanna;0,12517445790;;;;;;;< 6;> 20;;;<  6;> 20;;
244;2019/07/19;9:16;-25,28516502;31,53148097;Tar;0;Dry;No;10;Savanna;0,13000177694;;;;;;;;;;;;;;
245;2019/07/19;9:49;-25,276;31,53373897;Tar;0;Dry;No;8;Savanna;0,13771250409;;;;;;;;;;;;;;
246;2019/07/19;10:00;-25,26701904;31,53415798;Tar;0;Dry;No;4;Savanna;0,14591626042;;;;;;;;;;;;;;
247;2019/07/19;10:12;-25,25955596;31,53701998;Tar;0;Dry;No;13;Savanna;0,15197466247;;;;;;;;;;;;;;
248;2019/07/19;10:24;-25,25203002;31,53935501;Tar;0;Dry;No;8;Savanna;0,15841899311;;;;;;;;;;;;;;
249;2019/07/19;10:38;-25,24459703;31,54400697;Tar;0;Dry;No;9;Savanna;0,16429315604;;;;;;;;;;;;;;
250;2019/07/19;10:49;-25,23586996;31,54628199;Tar;0;Dry;No;10;Savanna;0,17220986704;;;;;;;;;;;;;;
251;2019/07/19;11:01;-25,23455601;31,55491903;Tar;0;Dry;No;7;Savanna;0,17172516061;;;;;;;;;;;;;;
252;2019/07/19;11:12;-25,23871897;31,56314101;Tar;0;Dry;No;2;Savanna;0,16631136480;;;;;;;;;;;;;;
253;2019/07/19;11:23;-25,23658703;31,57265296;Tar;0;Dry;No;8;Savanna;0,16718823599;;;;;;;;;;;;;;
254;2019/07/19;11:35;-25,231405;31,57935203;Tar;0;Dry;No;5;Savanna;0,17084995077;;;;;;;;;;;;;;
255;2019/07/19;11:47;-25,22489696;31,57776902;Tar;0;Dry;No;10;Savanna;0,17753976813;;;;;;;>= 6;> 20;;;;;;
256;2019/07/19;12:01;-25,21598197;31,57303803;Tar;0;Dry;No;11;Savanna;0,18721324876;;;;;;;;;;;;;;
257;2019/07/19;12:13;-25,206885;31,57263402;Tar;0;Dry;No;14;Savanna;0,19620529350;;;;;;;;;;;;;;
258;2019/07/19;12:24;-25,19865196;31,569682;Tar;0;Dry;No;10;Savanna;0,20486335641;;;;;;;;;;;;;;
259;2019/07/19;12:36;-25,19092997;31,56537797;Tar;0;Dry;No;4;Savanna;0,20098210678;;;;;;;;;;;;;;
260;2019/07/19;12:47;-25,18187701;31,56461002;Tar;0;Dry;No;5;Savanna;0,19212090485;;;;;;;;;;;;;;
261;2019/07/19;12:59;-25,17394697;31,56247197;Tar;0;Dry;No;11;Savanna;0,18460568976;;;;;;;;;;;;;;
262;2019/07/19;13:10;-25,16566498;31,56064002;Tar;0;Dry;No;13;Savanna;0,17675158507;;;>= 6;< 20;;;;;;;;;;
263;2019/07/19;13:23;-25,15684102;31,55984701;Tar;0;Dry;No;8;Savanna;0,16822504177;;;;;;;;;;;;;;
264;2019/07/19;13:34;-25,14814303;31,55693304;Tar;0;Dry;No;11;Savanna;0,16030889765;;;;;;;;;;;;;;
265;2019/07/19;13:46;-25,14149199;31,55772898;Tar;0;Dry;No;5;Savanna;0,15364643760;;;>= 6;< 20;;;>= 6;> 20;>= 6;> 20;;;>= 6;> 20
266;2019/07/19;14:01;-25,13232898;31,55441503;Tar;0;Dry;No;9;Savanna;0,14554999738;;;;;;;;;;;;;;
267;2019/07/19;14:13;-25,12516304;31,54883897;Tar;0;Dry;No;9;Savanna;0,14025520665;;;;;;;;;;;;;;
268;2019/07/19;14:26;-25,117621;31,54457199;Tar;0;Dry;No;8;Savanna;0,13454491213;;;;;;;;;;;;;;
269;2019/07/20;6:40;-25,10834802;31,54388904;Tar;0;Dry;No;1;Savanna;0,12616929747;;;;;;;;;;;<  6;< 20;;
270;2019/07/20;6:53;-25,10002404;31,546773;Tar;0;Dry;No;0;Savanna;0,11737575959;;;;;;;;;;;;;;
271;2019/07/20;7:04;-25,09216399;31,54523198;Tar;0;Dry;No;3;Savanna;0,11080694592;;;;;;;;;;;;;;
272;2019/07/20;7:17;-25,08427704;31,54474198;Tar;0;Dry;No;4;Savanna;0,10393326277;;;;;;;;;;;;;;
273;2019/07/20;7:30;-25,07553002;31,54691096;Tar;0;Dry;No;5;Savanna;0,09517912916;;;;;;;;;;;;;;
274;2019/07/20;7:42;-25,06693999;31,54855197;Tar;0;Dry;No;8;Savanna;0,08687726259;;;;;;;;;;;;;;
275;2019/07/20;7:57;-25,062124;31,55512196;Tar;0;Dry;No;8;Savanna;0,07948760772;;;;;;;;;;;;;;
276;2019/07/20;8:09;-25,059233;31,56393201;Tar;0;Dry;No;6;Savanna;0,07312282185;;;;;;;;;;;;;;
277;2019/07/20;8:21;-25,05639397;31,572545;Tar;0;Dry;No;7;Savanna;0,06754200328;;;;;;;;;;;;;;
278;2019/07/20;8:36;-25,05032103;31,578685;Tar;0;Dry;No;6;Savanna;0,06009814085;;;;;;;;;;;;;;
279;2019/07/20;8:48;-25,04717697;31,58791498;Tar;0;Dry;No;12;Savanna;0,05560444513;;;;;;;;;;;;;;
280;2019/07/20;9:01;-25,03836399;31,58897496;Tar;0;Dry;No;7;Savanna;0,04673382968;;;;;;;;;;;;;;
281;2019/07/22;7:34;-24,74063401;31,84704999;Tar;0;Dry;No;1;Savanna;0,00340814978;;;;;;;;;< 6;< 20;<  6;< 20;;
282;2019/07/22;7:46;-24,74869003;31,84994199;Tar;0;Dry;No;4;Savanna;0,00500016808;;;;;;;>= 6;< 20;;;;;;
283;2019/07/22;7:59;-24,75276698;31,858471;Tar;0;Dry;No;4;Savanna;0,00070962288;;;;;;;< 6;> 20;;;;;;
284;2019/07/22;8:13;-24,75468904;31,86881804;Tar;0;Dry;No;7;Savanna;0,00146984390;;;;;;;;;;;;;;
285;2019/07/22;8:28;-24,75878603;31,87424197;Tar;0;Dry;No;3;Savanna;0,00115358722;;;;;;;< 6;> 20;;;;;;
286;2019/07/22;8:40;-24,76599698;31,87143898;Tar;0;Dry;No;5;Savanna;0,00166036740;;;;;;;>= 6;> 20;;;;;;
287;2019/07/22;8:52;-24,77432398;31,87030097;Tar;0;Dry;No;6;Savanna;0,00058631932;;;;;;;< 6;< 20;;;;;;
288;2019/07/22;9:07;-24,78146503;31,86672198;Tar;0;Dry;No;7;Savanna;0,00105992840;;;;;;;;;;;;;;
289;2019/07/22;9:22;-24,786767;31,85939301;Tar;0;Dry;No;3;Savanna;0,00119692978;;;;;;;;;;;;;;
290;2019/07/22;9:52;-24,79271396;31,86527601;Tar;0;Dry;No;11;Savanna;0,00163211364;;;;;;;;;;;;;;
291;2019/07/22;10:05;-24,79987504;31,85938496;Tar;0;Dry;No;8;Savanna;0,00763937786;;;;;;;>= 6;< 20;;;;;;
292;2019/07/22;10:18;-24,80538798;31,85229697;Tar;0;Dry;No;7;Savanna;0,01633973237;;;;;;;;;;;;;;
293;2019/07/22;10:29;-24,81257002;31,846721;Tar;0;Dry;No;9;Savanna;0,02541845782;;;;;;;;;;;;;;
294;2019/07/22;10:42;-24,81979799;31,84176603;Tar;0;Dry;No;7;Savanna;0,03418100316;;;;;;;;;;;>= 6;< 20;;
295;2019/07/22;10:55;-24,82634802;31,83597498;Tar;0;Dry;No;5;Savanna;0,04288048353;;;;;;;;;;;;;;
296;2019/07/22;11:07;-24,83114599;31,82832699;Tar;0;Dry;No;6;Savanna;0,05138644384;;;;;;;;;;;;;;
297;2019/07/22;11:20;-24,836641;31,82029797;Tar;0;Dry;No;6;Savanna;0,06068533547;;;;;;;;;;;;;;
298;2019/07/22;11:31;-24,84035502;31,81157903;Tar;0;Dry;No;5;Savanna;0,06916244984;;;;;< 6;> 20;< 6;< 20;;;;;;
299;2019/07/22;11:52;-24,84628103;31,803966;Tar;0;Dry;No;13;Savanna;0,07867283769;;;;;;;;;;;;;;
300;2019/07/22;12:04;-24,85272302;31,79759902;Tar;0;Dry;No;6;Savanna;0,08772702982;;;;;;;;;;;;;;
301;2019/07/22;12:15;-24,85975401;31,791526;Tar;0;Dry;No;13;Savanna;0,09701040143;;;;;;;;;;;;;;
302;2019/07/22;12:27;-24,86467201;31,78385697;Tar;0;Dry;No;7;Savanna;0,10586066003;;;;;;;;;;;;;;
303;2019/07/22;12:39;-24,87042803;31,77634201;Tar;0;Dry;No;11;Savanna;0,09860693604;;;;;;;;;;;;;;
304;2019/07/22;12:51;-24,87554401;31,76881104;Tar;0;Dry;No;8;Savanna;0,09041036014;;;;;;;< 6;> 20;;;;;;
305;2019/07/22;13:03;-24,88058296;31,76165096;Tar;0;Dry;No;3;Savanna;0,08263643499;;;;;;;;;;;;;;
306;2019/07/22;13:15;-24,88679202;31,75547099;Tar;0;Dry;No;10;Savanna;0,07439463457;;;;;;;;;;;;;;
307;2019/07/22;13:28;-24,89528096;31,75320502;Tar;0;Dry;No;9;Savanna;0,06573082706;;;;;;;;;;;;;;
308;2019/07/22;13:42;-24,90285703;31,75265601;Tar;0;Dry;No;8;Savanna;0,05870209542;;;;;;;;;;;;;;
309;2019/07/22;13:55;-24,90348601;31,74337104;Tar;0;Dry;No;11;Savanna;0,05439605248;;;;;;;;;;;;;;
310;2019/07/23;7:03;-24,84373402;31,74389399;Dirt;0;Dry;No;0;Savanna;0,08463285984;;;;;;;< 6;> 20;< 6;< 20;;;;
311;2019/07/23;7:17;-24,84934101;31,750669;Dirt;0;Dry;No;0;Savanna;0,08961346442;;;;;;;;;;;;;;
312;2019/07/23;7:29;-24,85527104;31,75591297;Dirt;0;Dry;No;0;Savanna;0,09154110333;;;;;;;;;;;;;;
313;2019/07/23;8:01;-24,86249196;31,75508299;Dirt;0;Dry;No;1;Savanna;0,08790526532;;;;;;;>= 6;< 20;;;;;;
314;2019/07/23;8:17;-24,87045804;31,75626299;Dirt;0;Dry;No;2;Savanna;0,08643500840;;;;;;;>= 6;< 20;;;<  6;< 20;;
315;2017/07/02;8:05;-23,08648333;31,42145;Tar;80;Dry;No;5;Savanna;0,00730561960;;;;;;;;;;;;;;
316;2017/07/02;8:20;-23,08013333;31,41536667;Tar;60;Dry;No;1;Savanna;0,01082393209;;;;;;;;;;;;;;
317;2017/07/02;9:38;-23,0419;31,39211667;Tar;60;Dry;No;2;Savanna;0,00369501422;;;;;;;;;;;;;;
318;2017/07/02;9:58;-23,03413333;31,38648333;Tar;60;Dry;No;5;Savanna;0,01009039771;;;;;;;;;;;;;;
319;2017/07/02;10:08;-23,02616667;31,3821;Tar;40;Dry;No;2;Savanna;0,01591972429;;;;;;;;;;;;;;
320;2017/07/02;11:32;-23,01761667;31,378;Tar;50;Dry;No;0;Savanna;0,02368529952;;;;;;;;;;;;;;
321;2017/07/02;11:47;-23,01176667;31,37116667;Tar;50;Dry;No;1;Savanna;0,02630170443;;;;;;;;;;;;;;
322;2017/07/02;12:00;-23,00818333;31,3625;Tar;40;Dry;No;3;Savanna;0,02497193935;;;;;;;;;;;;;;
323;2017/07/02;12:14;-23,00355;31,35451667;Tar;40;Dry;No;2;Savanna;0,02617229822;;;;;;;;;;;;;;
324;2017/07/02;12:29;-22,99935;31,3459;Tar;20;Dry;No;3;Savanna;0,02701725592;;;;;;;;;;;;;;
325;2017/07/02;12:42;-22,99833333;31,33653333;Tar;20;Dry;No;2;Savanna;0,02085622343;;;;;< 6;< 20;;;;;;;;
326;2017/07/02;13:00;-22,99738333;31,32723333;Tar;20;Dry;No;2;Savanna;0,01391113120;;;;;;;;;;;;;;
327;2017/07/02;13:15;-22,99258333;31,3184;Tar;20;Dry;No;1;Savanna;0,01170005652;;;;;;;;;;;;;;
328;2017/07/02;13:29;-22,98636667;31,31288333;Tar;20;Dry;No;3;Savanna;0,01438006976;;;;;;;;;;;;;;
329;2017/07/02;14:33;-22,98121667;31,30508333;Tar;10;Dry;No;1;Savanna;0,01470144649;;;;;;;;;;;;;;
330;2017/07/02;14:18;-22,9756;31,29796667;Tar;10;Dry;No;6;Savanna;0,01923837369;;;;;;;;;;;;;;
331;2017/07/03;8:25;-22,43445;31,2297;Tar;0;Dry;No;2;Savanna;0,01220864056;;;;;;;;;< 6;< 20;;;;
332;2017/07/03;8:41;-22,43833333;31,23758333;Tar;0;Dry;No;1;Savanna;0,01489298276;;;;;;;;;;;;;;
333;2017/07/03;9:05;-22,44291667;31,24465;Tar;0;Dry;No;3;Savanna;0,01668449017;;;;;;;;;;;;;;
334;2017/07/03;9:19;-22,44468333;31,25408333;Tar;0;Dry;No;0;Savanna;0,01524796740;;;;;;;;;;;;;;
335;2017/07/03;9:33;-22,4464;31,26306667;Tar;0;Dry;No;0;Savanna;0,01770254637;;;;;;;;;;;;;;
336;2017/07/03;10:07;-22,44745;31,27235;Tar;0;Dry;No;1;Savanna;0,01941514504;;;< 6;< 20;;;;;;;;;;
337;2017/07/03;10:25;-22,44765;31,28173333;Tar;0;Dry;No;1;Savanna;0,02049634821;;;;;;;;;;;;;;
338;2017/07/03;10:38;-22,4478;31,29095;Tar;0;Dry;No;1;Savanna;0,01606873014;;;;;;;;;;;<  6;< 20;;
339;2017/07/04;8:05;-22,6313;31,17383333;Dirt;60;Dry;No;2;Savanna;0,14090483559;;;;;;;>= 6;< 20;;;;;;
340;2017/07/04;8:19;-22,63661667;31,16945;Dirt;80;Dry;No;1;Savanna;0,13627030505;;;;;;;;;;;;;;
341;2017/07/04;8:34;-22,63588333;31,1605;Dirt;100;Dry;No;0;Savanna;0,13871316690;;;;;;;;;;;;;;
342;2017/07/04;8:48;-22,63365;31,15196667;Dirt;100;Dry;No;1;Savanna;0,14300833497;;;;;;;;;;;;;;
343;2017/07/04;9:02;-22,63801667;31,1443;Dirt;100;Dry;No;0;Savanna;0,14118891180;;;;;;;;;;;;;;
344;2017/07/04;9:16;-22,64448333;31,14846667;Dirt;90;Dry;No;2;Savanna;0,13371367646;;;;;;;;;;;;;;
345;2017/07/04;9:29;-22,65213333;31,14621667;Dirt;90;Dry;No;1;Savanna;0,12727590882;;;;;;;;;;;;;;
346;2017/07/04;9:43;-22,65865;31,1454;Dirt;100;Dry;No;0;Savanna;0,12151403614;;;;;;;;;;;;;;
347;2017/07/04;9:57;-22,66083333;31,13623333;Dirt;100;Dry;No;0;Savanna;0,12331969078;;;;;;;;;;;;;;
348;2017/07/04;10:10;-22,66281667;31,1271;Dirt;100;Dry;No;0;Savanna;0,12596189622;;;;;;;;;;;;;;
349;2017/07/04;10:24;-22,66705;31,11851667;Dirt;100;Dry;No;1;Savanna;0,12706668399;;;;;;;;;;;;;;
350;2017/07/04;10:38;-22,67306667;31,11153333;Dirt;100;Dry;Yes;1;Savanna;0,12648138867;;;;;;;;;;;>= 6;> 20;;
351;2017/07/04;10:53;-22,67936667;31,10496667;Dirt;100;Dry;No;0;Savanna;0,12607444762;;;;;;;>= 6;< 20;;;;;;
352;2017/07/04;11:08;-22,68465;31,09718333;Dirt;100;Dry;No;1;Savanna;0,12790728029;;;;;;;;;;;;;;
353;2017/07/04;11:22;-22,68801667;31,0883;Dirt;90;Dry;No;1;Savanna;0,12782618981;;;;;;;;;;;;;;
354;2017/07/04;11:35;-22,69245;31,08036667;Dirt;70;Dry;No;1;Savanna;0,12462024699;;;;;;;;;;;;;;
355;2017/07/04;11:48;-22,69586667;31,07168333;Dirt;60;Dry;No;3;Savanna;0,12075575789;;;;;;;;;;;;;;
356;2017/07/04;12:04;-22,70233333;31,06488333;Dirt;60;Dry;No;2;Savanna;0,12105720588;;;;;;;;;;;;;;
357;2017/07/05;7:56;-22,77916667;31,1955;Tar;80;Dry;No;3;Savanna;0,00161614469;;;;;;;;;;;;;;
358;2017/07/05;8:09;-22,77015;31,1948;Tar;80;Dry;No;6;Savanna;0,00347831831;;;;;;;;;;;;;;
359;2017/07/05;8:22;-22,762;31,19143333;Tar;80;Dry;No;3;Savanna;0,00909880437;;;;;;;;;;;;;;
360;2017/07/05;8:35;-22,75431667;31,1868;Tar;70;Dry;No;2;Savanna;0,01741536982;>= 6;< 20;;;;;;;;;;;;
361;2017/07/05;8:52;-22,74573333;31,16536667;Tar;60;Dry;No;0;Savanna;0,03638589206;;;;;;;;;;;;;;
362;2017/07/05;9:05;-22,74728333;31,15631667;Tar;60;Dry;No;5;Savanna;0,04244735979;;;;;;;;;;;;;;
363;2017/07/05;9:18;-22,75173333;31,14795;Tar;60;Dry;No;4;Savanna;0,04761913900;;;;;;;;;;;;;;
364;2017/07/05;9:31;-22,75125;31,13858333;Tar;50;Dry;No;3;Savanna;0,05647333636;;;;;;;;;;;;;;
365;2017/07/05;9:44;-22,7487;31,12976667;Tar;40;Dry;No;6;Savanna;0,06562759007;;;;;;;;;;;;;;
366;2017/07/05;9:57;-22,74408333;31,12165;Tar;30;Dry;No;7;Savanna;0,07484901296;;;;;;;;;;;;;;
367;2017/07/05;10:09;-22,74115;31,11283333;Tar;10;Dry;No;2;Savanna;0,08413128792;;;;;;;;;;;;;;
368;2017/07/05;10:24;-22,7389;31,10378333;Tar;10;Dry;No;4;Savanna;0,09339611712;;;< 6;< 20;;;;;;;;;;
369;2017/07/05;10:40;-22,7355;31,09498333;Tar;0;Dry;No;4;Savanna;0,10282890085;;;;;;;;;;;;;;
370;2017/07/05;10:54;-22,73165;31,08661667;Tar;0;Dry;No;2;Savanna;0,11201332319;;;;;;;;;;;;;;
371;2017/07/05;11:07;-22,72723333;31,07806667;Tar;0;Dry;No;5;Savanna;0,12157618907;;;;;;;;;;;;;;
372;2017/07/05;11:20;-22,72308333;31,07001667;Tar;0;Dry;No;1;Savanna;0,13058486623;;;;;;;;;;;;;;
373;2017/07/05;11:33;-22,71953333;31,061;Tar;10;Dry;No;5;Savanna;0,13242207289;;;;;;;;;;;;;;
374;2017/07/05;11:46;-22,71653333;31,0533;Tar;10;Dry;No;4;Savanna;0,12456582759;;;< 6;< 20;;;;;;;;;;
375;2017/07/05;12:01;-22,71878333;31,03726667;Tar;20;Dry;No;3;Savanna;0,11434959513;;;;;;;;;;;;;;
376;2017/07/05;12:14;-22,72523333;31,03096667;Tar;20;Dry;No;6;Savanna;0,11496181528;;;;;;;;;;;;;;
377;2017/07/06;8:19;-22,68905;31,03361667;Dirt;0;Dry;No;1;Savanna;0,09221788141;;;;;;;;;;;;;;
378;2017/07/06;8:35;-22,68236667;31,02951667;Dirt;0;Dry;No;0;Savanna;0,08442524398;;;;;;;;;;;<  6;< 20;;
379;2017/07/06;8:50;-22,67741667;31,02208333;Dirt;0;Dry;No;1;Savanna;0,07617314562;;;;;;;;;;;;;;
380;2017/07/06;9:04;-22,67595;31,01375;Dirt;0;Dry;No;2;Savanna;0,06842900289;;;;;;;;;;;;;;
381;2017/07/06;9:23;-22,67331667;31,0053;Dirt;0;Dry;No;1;Savanna;0,06006412661;>= 6;< 20;;;;;;;;;;;;
382;2017/07/06;9:36;-22,67173333;30,99661667;Dirt;0;Dry;No;0;Savanna;0,05238422381;;;;;;;;;;;;;;
383;2017/07/06;9:50;-22,66793333;30,98923333;Dirt;0;Dry;No;0;Savanna;0,04441222613;;;;;;;;;;;;;;
384;2017/07/06;10:05;-22,66331667;30,9811;Dirt;0;Dry;No;0;Savanna;0,03547971273;;;;;;;;;;;;;;
385;2017/07/06;10:19;-22,66095;30,97173333;Dirt;0;Dry;No;0;Savanna;0,02808600620;;;;;;;;;;;;;;
386;2017/07/06;10:33;-22,66265;30,96301667;Dirt;0;Dry;No;0;Savanna;0,02659803052;;;;;;;;;;;;;;
387;2017/07/06;10:48;-22,66701667;30,96053333;Dirt;0;Dry;No;1;Savanna;0,02999693635;;;;;;;>= 6;> 20;;;;;;
388;2017/07/06;11:04;-22,6755;30,96133333;Dirt;0;Dry;No;2;Savanna;0,03760114080;;;;;;;;;;;;;;
389;2017/07/06;11:19;-22,68393333;30,96085;Dirt;0;Dry;No;0;Savanna;0,03993947062;;;;;;;< 6;> 20;;;;;< 6;< 20
390;2017/07/06;11:44;-22,69181667;30,96053333;Dirt;0;Dry;No;0;Savanna;0,04243625868;;;;;;;;;;;;;;
391;2017/07/06;11:59;-22,6999;30,96105;Dirt;0;Dry;No;0;Savanna;0,04694480755;;;;;;;< 6;> 20;>= 6;< 20;;;;
392;2017/07/06;12:15;-22,702;30,96878333;Dirt;10;Dry;No;2;Savanna;0,05457664562;;;;;;;;;>= 6;> 20;;;;
393;2017/07/06;12:28;-22,69986667;30,97766667;Dirt;10;Dry;No;0;Savanna;0,06136585416;;;;;;;;;;;;;;
394;2017/07/06;12:42;-22,69831667;30,9871;Dirt;10;Dry;No;0;Savanna;0,06835021595;;;;;;;< 6;< 20;;;;;;
395;2017/07/06;12:56;-22,69711667;30,99673333;Dirt;10;Dry;No;0;Savanna;0,07199001998;;;;;;;;;;;;;;
396;2017/07/06;13:10;-22,6974;31,00498333;Dirt;10;Dry;No;0;Savanna;0,07699107220;;;;;;;;;;;;;;
397;2017/07/06;13:23;-22,70291667;31,0121;Dirt;10;Dry;No;0;Savanna;0,08574152887;;;;;;;;;;;;;;
398;2017/07/07;8:00;-22,70978333;31,16638333;Tar;100;Dry;No;1;Savanna;0,06624275194;;;;;;;;;;;;;;
399;2017/07/07;8:13;-22,71833333;31,1671;Tar;100;Dry;No;0;Savanna;0,05811445499;;;;;;;>= 6;< 20;;;;;;
400;2017/07/07;8:27;-22,72748333;31,16606667;Tar;100;Dry;No;0;Savanna;0,05046585931;;;;;;;;;;;;;;
401;2017/07/07;8:42;-22,7359;31,16838333;Tar;100;Dry;No;1;Savanna;0,04208551751;>= 6;< 20;;;;;;;;;;;< 6;< 20
402;2017/07/07;9:04;-22,78681667;31,20016667;Tar;100;Dry;No;6;Savanna;0,00153110806;;;;;;;;;;;;;;
403;2017/07/07;9:18;-22,79416667;31,20606667;Tar;100;Dry;No;2;Savanna;0,00277037030;;;;;;;;;;;;;;
404;2017/07/07;9:30;-22,80198333;31,20913333;Tar;100;Dry;No;4;Savanna;0,00222438871;;;;;;;;;;;;;;
405;2017/07/07;9:44;-22,81043333;31,21245;Tar;100;Dry;No;3;Savanna;0,00178862717;;;;;;;;;;;;;;
406;2017/07/07;9:57;-22,81881667;31,2149;Tar;100;Dry;No;10;Savanna;0,00279172549;;;;;;;;;;;;;;
407;2017/07/07;10:11;-22,82655;31,21895;Tar;100;Dry;No;3;Savanna;0,00094816203;;;;;;;;;;;;;;
408;2017/07/07;10:25;-22,8286;31,22845;Tar;100;Dry;No;1;Savanna;0,00223924262;;;;;;;;;;;;;< 6;> 20
409;2017/07/07;10:38;-22,8329;31,23608333;Tar;100;Dry;No;7;Savanna;0,00146818261;;;;;;;;;;;;;;
410;2017/07/07;10:51;-22,84116667;31,24061667;Tar;100;Dry;No;3;Savanna;0,00152808496;;;;;;;;;;;;;;
411;2017/07/07;11:04;-22,8491;31,24375;Tar;100;Dry;No;4;Savanna;0,00102092345;;;;;;;;;;;;;;
412;2017/07/07;11:17;-22,85783333;31,24508333;Tar;90;Dry;No;2;Savanna;0,00529440960;;;;;;;;;;;<  6;< 20;>= 6;< 20
413;2017/07/07;11:31;-22,86675;31,2463;Tar;80;Dry;No;2;Savanna;0,00962094032;;;;;;;;;;;;;< 6;< 20
414;2017/07/07;11:45;-22,87556667;31,24501667;Tar;80;Dry;No;3;Savanna;0,01403990887;;;;;;;;;;;;;;
415;2017/07/07;11:58;-22,88435;31,24368333;Tar;60;Dry;No;4;Savanna;0,02028740905;;;;;;;;;;;;;;
416;2017/07/07;12:11;-22,89216667;31,24775;Tar;60;Dry;No;7;Savanna;0,02906045635;;;;;;;;;;;;;;
417;2017/07/07;12:27;-22,90021667;31,25281667;Tar;50;Dry;No;2;Savanna;0,02920603330;;;;;;;;;;;;;;
418;2017/07/08;7:36;-22,9658;31,29373333;Tar;90;Dry;No;1;Savanna;0,02595572536;>= 6;< 20;;;;;;;;;;;;
419;2017/07/08;7:49;-22,95768333;31,29046667;Tar;100;Dry;No;1;Savanna;0,03241521016;;;;;;;;;;;;;;
420;2017/07/08;8:04;-22,94961667;31,28795;Tar;100;Dry;No;3;Savanna;0,03587900711;;;< 6;> 20;;;;;;;;;>= 6;< 20
421;2017/07/08;8:18;-22,94195;31,28305;Tar;100;Dry;No;8;Savanna;0,03552763364;;;;;;;;;;;;;;
422;2017/07/08;8:30;-22,93758333;31,27481667;Tar;100;Dry;No;2;Savanna;0,03217561774;;;;;;;;;;;;;;
423;2017/07/08;8:44;-22,933;31,2667;Tar;100;Dry;No;0;Savanna;0,02797623265;;;;;;;;;;;;;;
424;2017/07/08;8:57;-22,92658333;31,26021667;Tar;100;Dry;No;1;Savanna;0,02647138223;;;;;;;;;;;;;;
425;2017/07/08;9:10;-22,91883333;31,2548;Tar;100;Dry;No;4;Savanna;0,02213055422;;;;;;;;;;;;;;
426;2017/07/08;9:24;-22,91035;31,25308333;Tar;100;Dry;No;6;Savanna;0,02312478822;;;;;;;;;;;;;;
427;2017/07/08;9:39;-22,90773333;31,24533333;Dirt;100;Dry;No;0;Savanna;0,01860670323;;;;;;;;;;;;;;
428;2017/07/08;9:53;-22,91373333;31,23995;Dirt;100;Dry;No;0;Savanna;0,01054587953;;;;;;;;;;;;;;
429;2017/07/08;10:08;-22,91956667;31,2346;Dirt;80;Dry;No;2;Savanna;0,00263071160;;;;;;;;;;;;;;
430;2017/07/08;10:22;-22,9271;31,23271667;Dirt;50;Dry;No;0;Savanna;0,00094388898;;;;;;;;;;;;;;
431;2017/07/08;10:36;-22,93475;31,23656667;Dirt;30;Dry;No;3;Savanna;0,00178970067;;;;;;;;;;;;;;
432;2017/07/08;10:49;-22,9416;31,24143333;Dirt;0;Dry;No;1;Savanna;0,00288971504;;;;;;;;;;;;;;
433;2017/07/08;11:03;-22,94813333;31,24395;Dirt;0;Dry;No;1;Savanna;0,00150402338;;;;;;;;;;;;;;
434;2017/07/08;11:18;-22,95538333;31,24858333;Dirt;0;Dry;No;2;Savanna;0,00067944193;;;;;;;;;;;;;;
435;2017/07/08;11:32;-22,95596667;31,25521667;Dirt;0;Dry;No;3;Savanna;0,00538773179;;;;;;;;;;;;;;
436;2017/07/08;11:46;-22,95418333;31,26436667;Dirt;0;Dry;No;1;Savanna;0,01333723118;;;;;;;;;;;;;;
437;2017/07/08;11:59;-22,95406667;31,27408333;Dirt;0;Dry;No;0;Savanna;0,02141961017;;;;;;;;;;;;;;
438;2017/07/11;7:51;-23,22116667;31,31568333;Tar;10;Dry;No;2;Savanna;0,04656137292;;;;;;;;;;;;;;
439;2017/07/11;8:04;-23,22978333;31,31413333;Tar;70;Dry;No;4;Savanna;0,05355159993;;;;;;;;;;;;;;
440;2017/07/11;8:17;-23,23851667;31,31411667;Tar;70;Dry;No;5;Savanna;0,06157258442;;;;;;;;;;;;;;
441;2017/07/11;8:31;-23,24731667;31,31628333;Tar;90;Dry;No;3;Savanna;0,07056416635;;;;;;;;;;;;;;
442;2017/07/11;8:44;-23,25553333;31,31358333;Tar;100;Dry;No;1;Savanna;0,07640516807;;;;;;;;;;;;;;
443;2017/07/11;8:57;-23,2641;31,31086667;Tar;90;Dry;No;0;Savanna;0,08065092641;;;;;;;;;;;;;;
444;2017/07/11;9:10;-23,2728;31,31331667;Tar;70;Dry;No;0;Savanna;0,08883922868;;;;;;;;;;;;;;
445;2017/07/11;9:23;-23,28106667;31,31698333;Tar;60;Dry;No;2;Savanna;0,08958309208;;;;;;;;;;;;;;
446;2017/07/11;9:36;-23,28958333;31,31913333;Tar;40;Dry;No;1;Savanna;0,08357838022;;;;;;;;;;;;;;
447;2017/07/11;9:50;-23,29873333;31,3183;Tar;40;Dry;No;7;Savanna;0,07529805927;;;;;;;;;;;;;;
448;2017/07/11;10:02;-23,30725;31,31821667;Tar;50;Dry;No;2;Savanna;0,06747614975;;;;;;;;;;;;;;
449;2017/07/11;10:16;-23,31625;31,3202;Tar;50;Dry;No;1;Savanna;0,06044644517;;;;;;;;;;;;;;
450;2017/07/11;10:29;-23,32463333;31,32201667;Tar;40;Dry;No;5;Savanna;0,05446954727;;;;;;;;;;;;;;
451;2017/07/11;10:42;-23,33353333;31,3234;Tar;40;Dry;No;1;Savanna;0,04859474744;;;;;;;;;;;;;;
452;2017/07/11;10:55;-23,34228333;31,32148333;Tar;40;Dry;No;2;Savanna;0,04127329834;;;;;;;;;;;;;;
453;2017/07/11;11:08;-23,35081667;31,31886667;Tar;50;Dry;No;2;Savanna;0,03407711077;;;;;;;;;;;;;;
454;2017/07/11;11:21;-23,35958333;31,31926667;Tar;50;Dry;No;1;Savanna;0,02972431796;;;;;;;;;;;;;;
455;2017/07/11;11:34;-23,36855;31,32006667;Tar;40;Dry;No;3;Savanna;0,02192084247;;;;;;;< 6;< 20;;;;;;
456;2017/07/11;11:48;-23,3767;31,32275;Tar;40;Dry;No;1;Savanna;0,01614312457;;;;;;;;;;;;;;
457;2017/07/11;12:01;-23,38455;31,3274;Tar;20;Dry;No;2;Savanna;0,01155102257;;;;;;;;;;;;;;
458;2017/07/11;12:14;-23,39276667;31,33128333;Tar;20;Dry;No;11;Savanna;0,01034642378;;;;;;;< 6;< 20;;;;;;
459;2017/07/11;12:27;-23,40185;31,33235;Tar;10;Dry;No;1;Savanna;0,00335711502;>= 6;> 20;< 6;> 20;;;;;;;;;;
460;2017/07/11;12:44;-23,40956667;31,33675;Tar;10;Dry;No;1;Savanna;0,00227903449;;;;;;;>= 6;< 20;< 6;> 20;;;;
461;2017/07/12;8:01;-23,23793333;31,39315;Dirt;100;Dry;No;0;Savanna;0,08927285148;;;;;;;;;;;;;>= 6;> 20
462;2017/07/12;8:14;-23,24181667;31,40101667;Dirt;100;Dry;No;0;Savanna;0,09689811738;;;;;;;;;;;;;;
463;2017/07/12;8:27;-23,25046667;31,40333333;Dirt;90;Dry;No;0;Savanna;0,10533729446;;;;;;;;;;;;;;
464;2017/07/12;8:41;-23,25933333;31,40243333;Dirt;30;Dry;No;0;Savanna;0,11235759659;;;;;;;;;;;;;;
465;2017/07/12;8:54;-23,26835;31,40106667;Dirt;10;Dry;No;1;Savanna;0,11954226008;;;;;;;;;;;;;;
466;2017/07/12;9:07;-23,2762;31,3958;Dirt;0;Dry;No;0;Savanna;0,12294240779;;;;;;;;;;;;;;
467;2017/07/12;9:20;-23,28305;31,38991667;Dirt;0;Dry;No;0;Savanna;0,12569161080;;;;;;;;;;;;;;
468;2017/07/12;9:34;-23,28985;31,38478333;Dirt;0;Dry;No;0;Savanna;0,12227220905;< 6;> 20;;;;;;;;;;;;
469;2017/07/12;9:48;-23,29791667;31,38051667;Dirt;0;Dry;No;0;Savanna;0,11316557498;;;;;;;;;;;;;;
470;2017/07/12;10:01;-23,30628333;31,37663333;Dirt;0;Dry;No;0;Savanna;0,10401249561;;;;;;;;;;;;;;
471;2017/07/12;10:14;-23,31483333;31,3758;Dirt;0;Dry;No;0;Savanna;0,09641863904;;;;;;;;;;;;;;
472;2017/07/12;10:28;-23,32335;31,37488333;Dirt;0;Dry;No;0;Savanna;0,08898225078;;;;;;;;;;;;;;
473;2017/07/12;10:41;-23,3319;31,37098333;Dirt;0;Dry;No;0;Savanna;0,07984228901;;;;;;;;;;;;;;
474;2017/07/12;10:54;-23,33991667;31,36818333;Dirt;0;Dry;No;1;Savanna;0,07189221141;;;;;;;;;;;;;< 6;> 20
475;2017/07/12;11:08;-23,34963333;31,3675;Dirt;0;Dry;No;0;Savanna;0,06437587385;;;;;;;;;;;;;;
476;2017/07/12;11:21;-23,3579;31,36886667;Dirt;0;Dry;No;0;Savanna;0,06004017052;;;;;;;;;;;;;;
477;2017/07/12;11:34;-23,36645;31,37045;Dirt;0;Dry;No;0;Savanna;0,05463802367;;;;;;;;;;;;;;
478;2017/07/12;11:47;-23,37525;31,37215;Dirt;0;Dry;No;0;Savanna;0,04973235648;;;;;;;;;;;;;;
479;2017/07/12;12:00;-23,38416667;31,37115;Dirt;0;Dry;No;0;Savanna;0,04368817084;;;;;;;;;;;;;;
480;2017/07/12;12:13;-23,39281667;31,36956667;Dirt;0;Dry;No;0;Savanna;0,03758963686;;;;;;;;;;;;;;
481;2017/07/13;11:50;-23,19388333;31,31378333;Tar;0;Dry;No;2;Savanna;0,02194436122;;;>= 6;< 20;;;;;;;;;;
482;2017/07/13;12:03;-23,20068333;31,30753333;Tar;0;Dry;No;2;Savanna;0,02483578321;;;;;;;;;;;;;;
483;2017/07/13;12:16;-23,20865;31,31078333;Tar;0;Dry;No;2;Savanna;0,03328894476;;;;;;;;;;;;;;
484;2017/07/17;8:20;-24,02296667;31,67238333;Tar;90;Dry;No;3;Savanna;0,00307280031;;;;;;;;;;;;;;
485;2017/07/17;8:34;-24,03118333;31,67535;Tar;60;Dry;No;8;Savanna;0,00335577846;;;;;;;;;;;;;;
486;2017/07/17;8:47;-24,03778333;31,68098333;Tar;50;Dry;No;9;Savanna;0,00775976882;;;;;;;;;;;;;;
487;2017/07/17;8:59;-24,04321667;31,68681667;Tar;30;Dry;No;7;Savanna;0,01126174415;;;;;;;>= 6;< 20;;;;;;
488;2017/07/17;9:14;-24,05193333;31,68773333;Tar;20;Dry;No;7;Savanna;0,00866780066;;;;;;;;;;;;;;
489;2017/07/17;9:28;-24,06061667;31,68945;Tar;20;Dry;No;24;Savanna;0,00086901366;;;;;;;;;;;;;;
490;2017/07/17;9:42;-24,06908333;31,68883333;Tar;60;Dry;No;7;Savanna;0,00747905754;;;;;;;;;;;;;;
491;2017/07/17;9:55;-24,07775;31,69028333;Tar;50;Dry;No;5;Savanna;0,01587236955;;;;;;;>= 6;< 20;;;;;;
492;2017/07/17;10:09;-24,08668333;31,69001667;Tar;50;Dry;No;5;Savanna;0,02379656778;;;;;;;;;;;;;;
493;2017/07/17;10:24;-24,09538333;31,69235;Tar;60;Dry;No;3;Savanna;0,02396192488;;;;;;;;;;;;;;
494;2017/07/17;11:04;-24,07903333;31,75518333;Dirt;10;Dry;No;4;Savanna;0,03610283921;;;;;;;;;;;;;;
495;2017/07/17;11:21;-24,0758;31,74628333;Dirt;10;Dry;No;2;Savanna;0,02878486968;;;;;;;< 6;> 20;;;;;;
496;2017/07/17;11:34;-24,07156667;31,73878333;Dirt;20;Dry;No;5;Savanna;0,02153794584;;;;;;;>= 6;> 20;;;;;;
497;2017/07/17;11:48;-24,06361667;31,73503333;Dirt;40;Dry;No;0;Savanna;0,01275694168;;;;;;;;;;;;;;
498;2017/07/17;12:03;-24,05538333;31,73146667;Dirt;40;Dry;No;3;Savanna;0,00381107959;;;;;;;>= 6;< 20;;;;;;
499;2017/07/17;12:25;-24,0493;31,73171667;Dirt;40;Dry;No;0;Savanna;0,00145069483;;;;;;;>= 6;< 20;;;;;;
500;2017/07/17;12:44;-24,04265;31,73633333;Dirt;50;Dry;No;4;Savanna;0,00183382533;;;;;< 6;> 20;>= 6;> 20;;;;;;
501;2017/07/17;13:01;-24,03306667;31,73525;Dirt;60;Dry;No;2;Savanna;0,00221431143;;;;;;;< 6;< 20;>= 6;> 20;;;;
502;2017/07/17;13:17;-24,02493333;31,73341667;Dirt;60;Dry;No;2;Savanna;0,00266876958;;;;;;;;;;;;;;
503;2017/07/17;13:30;-24,02368333;31,72528333;Dirt;60;Dry;No;1;Savanna;0,01015681793;;;;;;;;;;;;;;
504;2017/07/18;7:49;-23,93416667;31,17595;Dirt;0;Dry;No;1;Savanna;0,16496223644;;;;;;;>= 6;< 20;;;;;;
505;2017/07/18;8:03;-23,92626667;31,18008333;Dirt;0;Dry;No;0;Savanna;0,16920473684;;;;;;;;;< 6;< 20;;;;
506;2017/07/18;8:17;-23,9174;31,18168333;Dirt;40;Dry;No;0;Savanna;0,16692108213;;;;;;;;;;;;;;
507;2017/07/18;8:30;-23,90975;31,18551667;Dirt;40;Dry;No;1;Savanna;0,16286759268;;;;;;;;;;;;;;
508;2017/07/18;8:47;-23,9014;31,18695;Dirt;50;Dry;No;0;Savanna;0,16159962169;;;;;;;;;;;;;;
509;2017/07/18;9:01;-23,89258333;31,18878333;Dirt;70;Dry;No;1;Savanna;0,16041705319;;;;;;;;;;;;;;
510;2017/07/18;9:14;-23,8842;31,19136667;Dirt;40;Dry;No;2;Savanna;0,15892589870;;;;;;;;;;;;;;
511;2017/07/18;9:28;-23,8756;31,19241667;Dirt;20;Dry;No;1;Savanna;0,15945353617;;;;;;;;;;;;;;
512;2017/07/18;9:41;-23,86713333;31,19586667;Dirt;10;Dry;No;0;Savanna;0,15600499607;;;;;;;;;;;;;;
513;2017/07/18;9:55;-23,85918333;31,1992;Dirt;10;Dry;No;0;Savanna;0,14740966116;;;;;;;;;;;;;;
514;2017/07/18;10:08;-23,85658333;31,20806667;Dirt;10;Dry;No;0;Savanna;0,14236849866;;;;;;;;;;;;;;
515;2017/07/18;10:22;-23,85736667;31,21686667;Dirt;10;Dry;No;0;Savanna;0,14106105178;;;;;;;;;;;;;;
516;2017/07/18;10:35;-23,85821667;31,22631667;Dirt;10;Dry;No;0;Savanna;0,13212014944;;;;;;;;;;;;;;
517;2017/07/18;10:49;-23,85943333;31,23678333;Dirt;10;Dry;No;1;Savanna;0,12201854989;;;;;;;;;;;;;;
518;2017/07/18;11:03;-23,85826667;31,24558333;Dirt;10;Dry;No;1;Savanna;0,11453527064;;;;;;;;;;;;;;
519;2017/07/18;11:18;-23,86583333;31,25338333;Tar;20;Dry;No;1;Savanna;0,10425182899;;;;;;;;;;;;;;
520;2017/07/18;11:31;-23,87458333;31,24935;Tar;20;Dry;No;1;Savanna;0,10476709800;;;;;;;;;;;;;;
521;2017/07/18;11:45;-23,8832;31,24826667;Tar;20;Dry;No;3;Savanna;0,10332922546;;;;;;;;;;;;;;
522;2017/07/18;11:58;-23,89205;31,24736667;Tar;20;Dry;No;2;Savanna;0,10238956963;;;;;;;;;;;;;;
523;2017/07/18;12:10;-23,89783333;31,24043333;Tar;20;Dry;No;2;Savanna;0,10850092048;;;;;;;;;;;;;;
524;2017/07/19;8:28;-23,4153;31,37068333;Dirt;0;Dry;No;0;Savanna;0,03197981546;;;;;;;;;;;;;;
525;2017/07/19;8:41;-23,41815;31,37805;Dirt;0;Dry;No;3;Savanna;0,03947779768;;;;;;;;;;;;;;
526;2017/07/19;8:54;-23,42085;31,38698333;Dirt;0;Dry;No;1;Savanna;0,04864228974;;;;;;;;;;;;;;
527;2017/07/19;9:07;-23,42366667;31,39621667;Dirt;0;Dry;No;3;Savanna;0,05721729314;;;;;;;;;;;;;;
528;2017/07/19;9:20;-23,42676667;31,40556667;Dirt;0;Dry;No;0;Savanna;0,06426468142;;;< 6;> 20;;;;;;;;;;
529;2017/07/19;9:35;-23,42945;31,41423333;Dirt;0;Dry;No;2;Savanna;0,07121806733;;;;;;;;;;;;;>= 6;< 20
530;2017/07/19;9:48;-23,43303333;31,42418333;Dirt;0;Dry;No;0;Savanna;0,07952541247;;;;;;;;;;;;;;
531;2017/07/19;10:03;-23,43421667;31,43248333;Dirt;0;Dry;No;0;Savanna;0,08724486656;;;< 6;> 20;;;;;;;;;;
532;2017/07/19;10:22;-23,43843333;31,44003333;Dirt;0;Dry;No;0;Savanna;0,09376129259;;;;;;;;;;;;;>= 6;< 20
533;2017/07/19;10:44;-23,44561667;31,44523333;Dirt;0;Dry;No;1;Savanna;0,09014535561;;;;;;;;;;;;;;
534;2017/07/19;11:00;-23,45346667;31,45006667;Dirt;0;Dry;No;0;Savanna;0,08545552030;;;;;;;;;;;;;< 6;> 20
535;2017/07/19;11:14;-23,46053333;31,45568333;Dirt;0;Dry;No;2;Savanna;0,08263665978;;;;;;;;;;;;;;
536;2017/07/19;11:29;-23,46755;31,46173333;Dirt;0;Dry;No;0;Savanna;0,08106383249;;;;;;;;;;;;;>= 6;> 20
537;2017/07/19;11:42;-23,47288333;31,46965;Dirt;0;Dry;No;0;Savanna;0,08260575075;;;;;;;;;;;;;;
538;2017/07/19;11:58;-23,47795;31,47728333;Dirt;0;Dry;No;2;Savanna;0,08351382260;;;;;;;;;;;;;;
539;2017/07/19;12:11;-23,48481667;31,48423333;Dirt;0;Dry;No;0;Savanna;0,08157117080;;;;;;;;;;;;;;
540;2017/07/19;12:25;-23,49131667;31,48793333;Dirt;0;Dry;No;2;Savanna;0,07770268671;;;;;;;>= 6;< 20;;;;;;
541;2017/07/19;12:38;-23,49975;31,48446667;Dirt;0;Dry;No;0;Savanna;0,06871710607;;;;;;;;;;;;;;
542;2017/07/19;12:53;-23,50833333;31,48408333;Dirt;0;Dry;No;1;Savanna;0,06144294501;;;;;;;;;;;;;;
543;2017/07/19;13:12;-23,51481667;31,48133333;Dirt;0;Dry;No;1;Savanna;0,05462953635;;;;;;;>= 6;> 20;;;;;;
544;2017/07/20;8:26;-23,5198;31,41358333;Tar;0;Dry;No;4;Savanna;0,01001114667;;;;;;;;;;;;;< 6;< 20
545;2017/07/20;8:40;-23,42628333;31,33568333;Tar;0;Dry;No;5;Savanna;0,00180573227;;;;;;;;;;;;;;
546;2017/07/20;8:52;-23,43435;31,33911667;Tar;0;Dry;No;8;Savanna;0,00190846230;;;;;;;< 6;< 20;;;;;;
547;2017/07/20;9:06;-23,44246667;31,34375;Tar;0;Dry;No;6;Savanna;0,00724467503;;;;;;;>= 6;< 20;;;;;;
548;2017/07/20;9:19;-23,45066667;31,34721667;Tar;0;Dry;No;3;Savanna;0,00134393176;;;;;;;< 6;< 20;;;;;;
549;2017/07/20;9:33;-23,45876667;31,35005;Tar;0;Dry;No;4;Savanna;0,00295749951;>= 6;< 20;;;;;;;;;;;;
550;2017/07/20;9:49;-23,46561667;31,35613333;Tar;0;Dry;No;3;Savanna;0,00882095267;;;;;;;;;;;;;;
551;2017/07/20;10:03;-23,4702;31,36488333;Tar;0;Dry;No;6;Savanna;0,01657192774;;;;;;;;;;;;;;
552;2017/07/20;10:16;-23,4757;31,37228333;Tar;0;Dry;No;4;Savanna;0,02376189106;;;;;;;;;;;;;;
553;2017/07/20;10:28;-23,48251667;31,37851667;Tar;0;Dry;No;4;Savanna;0,02971354238;;;;;;;;;;;;;;
554;2017/07/20;10:41;-23,48796667;31,38641667;Tar;0;Dry;No;4;Savanna;0,03449714396;;;;;;;;;;;;;;
555;2017/07/20;10:55;-23,49325;31,39455;Tar;0;Dry;No;3;Savanna;0,03095775572;;;;;;;;;;;;;;
556;2017/07/20;11:07;-23,49908333;31,40108333;Tar;0;Dry;No;3;Savanna;0,02543019219;;;>= 6;< 20;;;;;;;<  6;> 20;< 6;< 20
557;2017/07/20;11:21;-23,5072;31,40546667;Tar;0;Dry;No;3;Savanna;0,01906441637;;;;;;;;;;;;;;
558;2017/07/20;11:37;-23,523;31,41496667;Tar;0;Dry;No;6;Savanna;0,00871856719;;;;;;;;;;;;;;
559;2017/07/20;11:50;-23,53156667;31,41848333;Tar;0;Dry;No;7;Savanna;0,00481766487;;;;;;;;;;;;;;
560;2017/07/20;12:03;-23,53881667;31,42328333;Tar;0;Dry;No;7;Savanna;0,00218499663;;;;;;;;;;;;;;
561;2017/07/20;12:16;-23,5463;31,42843333;Tar;0;Dry;No;6;Savanna;0,00331905724;;;;;;;;;;;;;;
562;2017/07/20;12:28;-23,55203333;31,43461667;Tar;0;Dry;No;4;Savanna;0,00094044303;;;;;;;;;;;;;;
563;2017/07/21;8:17;-23,70451667;31,53295;Dirt;0;Dry;No;0;Savanna;0,02907707081;;;;;;;;;;;;;< 6;> 20
564;2017/07/21;8:29;-23,70078333;31,52391667;Dirt;0;Dry;No;2;Savanna;0,02351341002;;;;;;;;;;;;;;
565;2017/07/21;8:43;-23,70338333;31,51893333;Dirt;0;Dry;No;1;Savanna;0,01800641749;;;;;;;;;;;;;;
566;2017/07/21;8:56;-23,70826667;31,51138333;Dirt;0;Dry;No;1;Savanna;0,00990531258;;;;;;;;;;;;;;
567;2017/07/21;9:10;-23,70651667;31,50538333;Dirt;0;Dry;No;0;Savanna;0,00411479594;;;;;>= 6;> 20;;;;;;;< 6;> 20
568;2017/07/21;9:25;-23,70291667;31,4975;Dirt;0;Dry;No;0;Savanna;0,00111056645;;;;;;;;;;;;;;
569;2017/07/21;9:40;-23,69628333;31,4932;Dirt;0;Dry;No;2;Savanna;0,00177376768;;;;;< 6;< 20;;;;;;;;
570;2017/07/21;9:54;-23,68875;31,49186667;Dirt;0;Dry;No;0;Savanna;0,00253018012;;;;;;;;;;;;;;
571;2017/07/21;10:07;-23,68283333;31,48676667;Dirt;10;Dry;No;0;Savanna;0,00291021183;;;;;;;;;;;;;;
572;2017/07/21;10:21;-23,67715;31,47968333;Dirt;20;Dry;No;1;Savanna;0,00135579943;;;;;;;;;;;;;;
573;2017/07/21;10:35;-23,6692;31,48131667;Dirt;20;Dry;No;0;Savanna;0,00127610215;;;;;;;;;;;;;;
574;2017/07/21;10:51;-23,66153333;31,48095;Dirt;30;Dry;No;3;Savanna;0,00167785047;;;;;;;>= 6;< 20;;;;;< 6;> 20
575;2017/07/21;11:06;-23,65441667;31,47708333;Dirt;30;Dry;No;0;Savanna;0,00226649629;;;;;;;;;;;;;;
576;2017/07/21;11:19;-23,64655;31,47366667;Dirt;20;Dry;No;0;Savanna;0,00105688759;;;;;;;;;;;;;;
577;2017/07/21;11:33;-23,63853333;31,4742;Dirt;20;Dry;No;2;Savanna;0,00118958829;;;;;;;;;;;;;;
578;2017/07/21;12:44;-23,53631667;31,48113333;Dirt;10;Dry;No;1;Savanna;0,03994743222;;;;;;;;;;;;;;
579;2017/07/21;12:57;-23,54515;31,4794;Dirt;10;Dry;No;0;Savanna;0,03441661791;;;;;;;;;;;;;;
580;2017/07/21;13:12;-23,55373333;31,47811667;Dirt;10;Dry;No;1;Savanna;0,03105891487;;;;;;;;;;;;;;
581;2017/07/21;13:24;-23,5625;31,47686667;Dirt;10;Dry;No;0;Savanna;0,02877597264;;;< 6;> 20;;;;;;;;;;
582;2017/07/21;13:38;-23,57105;31,47356667;Dirt;10;Dry;No;2;Savanna;0,02539466766;;;;;;;;;;;;;;
583;2017/07/21;13:51;-23,57861667;31,46895;Dirt;10;Dry;No;0;Savanna;0,02084642922;;;;;;;;;;;;;;
584;2017/07/21;14:06;-23,58896667;31,46686667;Dirt;10;Dry;No;0;Savanna;0,01565516461;;;;;;;;;;;;;;
585;2017/07/21;14:18;-23,59625;31,46451667;Dirt;0;Dry;No;1;Savanna;0,01204494922;;;;;;;;;;;;;;
586;2017/07/21;14:32;-23,60375;31,46578333;Dirt;0;Dry;No;0;Savanna;0,01299889698;;;;;;;;;;;;;;
587;2017/07/24;8:09;-23,71686667;31,54271667;Tar;100;Dry;No;2;Savanna;0,02910547167;;;;;;;;;;;;;;
588;2017/07/24;8:21;-23,72553333;31,54456667;Tar;100;Dry;No;4;Savanna;0,02869804045;;;;;;;;;;;;;;
589;2017/07/24;8:35;-23,73445;31,54421667;Tar;100;Dry;No;2;Savanna;0,02882903691;;;>= 6;< 20;;;;;;;;;;
590;2017/07/24;8:48;-23,74295;31,54731667;Tar;100;Dry;No;1;Savanna;0,02684039680;;;;;;;;;;;;;;
591;2017/07/24;9:01;-23,7513;31,54558333;Tar;90;Dry;No;1;Savanna;0,01899988608;;;;;;;;;;;;;;
592;2017/07/24;9:14;-23,7599;31,54663333;Tar;90;Dry;No;3;Savanna;0,01200155147;;;;;;;< 6;> 20;;;;;>= 6;> 20
593;2017/07/24;9:28;-23,76701667;31,55241667;Tar;90;Dry;No;2;Savanna;0,01090962669;;;;;;;;;;;;;;
594;2017/07/24;9:42;-23,77093333;31,56096667;Tar;90;Dry;No;1;Savanna;0,01123883420;;;;;;;;;;;;;>= 6;> 20
595;2017/07/24;9:56;-23,77673333;31,5683;Tar;90;Dry;No;1;Savanna;0,01113809779;;;;;;;;;;;;;;
596;2017/07/24;10:15;-23,78223333;31,5755;Tar;80;Dry;No;4;Savanna;0,01182068926;;;;;;;;;;;;;>= 6;< 20
597;2017/07/24;10:28;-23,79076667;31,5775;Tar;80;Dry;No;4;Savanna;0,00962802041;;;;;;;;;;;;;;
598;2017/07/24;10:41;-23,79906667;31,5806;Tar;70;Dry;No;4;Savanna;0,01072699997;;;< 6;< 20;;;;;;;;;;
599;2017/07/24;10:55;-23,808;31,5808;Tar;70;Dry;No;3;Savanna;0,00503019536;;;;;;;;;;;;;;
600;2017/07/24;11:23;-23,81635;31,58336667;Tar;60;Dry;No;7;Savanna;0,00366153252;;;;;;;;;;;;;;
601;2017/07/24;11:36;-23,8251;31,58586667;Tar;60;Dry;No;3;Savanna;0,00616057977;;;;;;;;;;;;;;
602;2017/07/24;11:52;-23,8325;31,58466667;Tar;50;Dry;No;9;Savanna;0,00213847151;;;;;;;< 6;> 20;< 6;> 20;;;;
603;2017/07/24;12:13;-23,8393;31,57796667;Tar;50;Dry;No;3;Savanna;0,00245331803;;;;;;;>= 6;< 20;;;;;;
604;2017/07/24;12:30;-23,84643333;31,57125;Tar;50;Dry;No;6;Savanna;0,00531986180;;;;;;;>= 6;> 20;;;;;>= 6;> 20
605;2017/07/25;8:40;-23,76723333;31,50488333;Dirt;0;Dry;No;1;Savanna;0,00351363042;;;;;;;;;;;;;;
606;2017/07/25;9:33;-23,77048333;31,50956667;Dirt;50;Dry;No;2;Savanna;0,00238851961;;;;;;;;;;;;;;
607;2017/07/25;9:47;-23,77598333;31,516;Dirt;60;Dry;No;0;Savanna;0,00380791193;;;;;;;;;;;;;;
608;2017/07/25;10:01;-23,77773333;31,52288333;Dirt;70;Dry;No;2;Savanna;0,00360122279;;;;;;;;;;;;;;
609;2017/07/25;10:17;-23,78015;31,53075;Dirt;50;Dry;No;0;Savanna;0,00223955182;;;;;;;;;;;;;;
610;2017/07/25;10:30;-23,78033333;31,53896667;Dirt;40;Dry;No;1;Savanna;0,00230737021;;;;;;;;;;;;;;
611;2017/07/25;10:49;-23,77928333;31,54638333;Dirt;20;Dry;No;2;Savanna;0,00161305569;;;;;;;< 6;> 20;< 6;> 20;;;;
612;2017/07/25;11:04;-23,78293333;31,55508333;Dirt;10;Dry;No;1;Savanna;0,00190085377;;;;;;;;;;;;;;
613;2017/07/25;11:24;-23,78921667;31,56208333;Dirt;0;Dry;No;1;Savanna;0,00273129890;;;;;;;>= 6;< 20;;;;;;
614;2017/07/25;11:40;-23,79688333;31,56715;Dirt;0;Dry;No;0;Savanna;0,00209673982;;;;;< 6;< 20;< 6;> 20;;;;;;
615;2017/07/25;11:54;-23,80545;31,56601667;Dirt;0;Dry;No;1;Savanna;0,00066404888;;;;;< 6;> 20;;;;;;;;
616;2017/07/25;12:08;-23,81265;31,56843333;Dirt;0;Dry;No;1;Savanna;0,00317203291;;;;;;;< 6;< 20;;;;;;
617;2017/07/25;12:22;-23,81831667;31,5745;Dirt;0;Dry;No;0;Savanna;0,00359845227;;;;;;;;;;;;;;
618;2017/07/26;7:51;-23,87355;31,47218333;Dirt;0;Dry;No;0;Savanna;0,04965200456;;;;;;;;;;;;;;
619;2017/07/26;8:05;-23,87468333;31,48218333;Dirt;0;Dry;No;1;Savanna;0,05527278606;;;;;;;;;;;;;;
620;2017/07/26;8:19;-23,87333333;31,49185;Dirt;0;Dry;No;0;Savanna;0,05990764809;;;;;;;;;;;;;;
621;2017/07/26;8:32;-23,87051667;31,5012;Dirt;0;Dry;No;0;Savanna;0,06446022430;;;;;;;;;;;;;;
622;2017/07/26;8:46;-23,86881667;31,51068333;Dirt;0;Dry;No;0;Savanna;0,06498781878;;;;;;;;;;;;;< 6;> 20
623;2017/07/26;8:59;-23,86683333;31,51665;Dirt;0;Dry;No;1;Savanna;0,06228249646;;;;;;;;;;;;;;
624;2017/07/26;9:13;-23,86255;31,50908333;Dirt;0;Dry;No;0;Savanna;0,05907238412;;;;;;;;;;;;;;
625;2017/07/26;9:28;-23,85665;31,5025;Dirt;0;Dry;No;1;Savanna;0,05502891179;;;;;;;;;;;;;;
626;2017/07/26;9:41;-23,8486;31,49813333;Dirt;0;Dry;No;2;Savanna;0,04851607280;;;;;;;;;;;;;;
627;2017/07/26;9:55;-23,84005;31,49646667;Dirt;0;Dry;No;0;Savanna;0,04083929648;;;;;;;;;;;;;;
628;2017/07/26;10:08;-23,83146667;31,49338333;Dirt;0;Dry;No;0;Savanna;0,03385907508;;;;;;;;;;;;;;
629;2017/07/26;10:21;-23,82598333;31,4863;Dirt;0;Dry;No;1;Savanna;0,02907164838;;;;;;;;;;;;;;
630;2017/07/26;10:34;-23,82036667;31,47898333;Dirt;0;Dry;No;0;Savanna;0,02000396394;;;;;;;;;;;;;;
631;2017/07/26;10:47;-23,81276667;31,47428333;Dirt;0;Dry;No;0;Savanna;0,01280977151;;;;;;;< 6;< 20;;;;;< 6;< 20
632;2017/07/26;11:03;-23,8046;31,47146667;Dirt;0;Dry;No;0;Savanna;0,01090190541;;;;;;;;;;;;;;
633;2017/07/26;11:16;-23,79693333;31,47591667;Dirt;0;Dry;No;1;Savanna;0,00479143242;>= 6;< 20;;;;;>= 6;> 20;;;;;;
634;2017/07/26;11:39;-23,7923;31,48383333;Dirt;0;Dry;No;0;Savanna;0,00283777927;;;;;;;;;;;;;;
635;2017/07/26;11:53;-23,7848;31,48868333;Dirt;0;Dry;No;2;Savanna;0,00990385067;;;;;;;;;;;;;;
636;2017/07/26;12:06;-23,77655;31,49168333;Dirt;0;Dry;No;0;Savanna;0,01847172571;;;;;;;;;;;;;;
637;2017/07/26;12:19;-23,76836667;31,4935;Dirt;0;Dry;No;1;Savanna;0,01087330650;;;;;;;;;;;;;;
638;2017/07/26;12:32;-23,7607;31,49908333;Dirt;0;Dry;No;1;Savanna;0,00162671284;;;;;;;>= 6;< 20;;;;;;
639;2017/07/27;8:14;-23,55393333;31,44408333;Tar;0;Dry;No;5;Savanna;0,00404130310;;;;;;;;;;;;;;
640;2017/07/27;8:28;-23,56035;31,451;Tar;0;Dry;No;5;Savanna;0,00352874014;;;;;;;;;;;;;;
641;2017/07/27;8:41;-23,56896667;31,45211667;Tar;0;Dry;No;8;Savanna;0,00404978179;;;;;;;;;;;;;;
642;2017/07/27;8:54;-23,5778;31,45088333;Tar;10;Dry;No;3;Savanna;0,00410003501;;;;;;;;;;;;;;
643;2017/07/27;9:07;-23,58661667;31,45076667;Tar;10;Dry;No;3;Savanna;0,00147390204;;;;;;;;;;;;;;
644;2017/07/27;9:20;-23,59491667;31,45456667;Tar;10;Dry;No;3;Savanna;0,00216728122;;;;;;;;;;;;;;
645;2017/07/27;9:33;-23,60361667;31,4547;Tar;20;Dry;No;1;Savanna;0,00192403309;;;;;;;;;;;;;;
646;2017/07/27;9:47;-23,61796667;31,46345;Tar;20;Dry;No;1;Savanna;0,00287813191;;;;;;;;;;;;;;
647;2017/07/27;10:00;-23,62133333;31,472;Tar;30;Dry;No;1;Savanna;0,00508138342;;;;;;;;;;;;;;
648;2017/07/27;10:13;-23,62745;31,47791667;Tar;50;Dry;No;3;Savanna;0,00719101600;;;;;;;;;;;;;;
649;2017/07/27;10:26;-23,63611667;31,47876667;Tar;50;Dry;No;2;Savanna;0,00479579208;;;;;;;;;;;;;;
650;2017/07/27;10:39;-23,64341667;31,4841;Tar;60;Dry;No;0;Savanna;0,01185136298;;;;;;;;;;;;;;
651;2017/07/27;10:53;-23,64816667;31,49211667;Tar;70;Dry;No;8;Savanna;0,01735589244;;;;;;;< 6;> 20;;;;;;
652;2017/07/27;11:06;-23,65146667;31,50116667;Tar;70;Dry;No;7;Savanna;0,02378362783;;;;;;;;;;;;;;
653;2017/07/27;11:19;-23,65796667;31,50748333;Tar;60;Dry;No;3;Savanna;0,02832871423;;;;;;;;;;;;;;
654;2017/07/27;11:32;-23,66176667;31,51613333;Tar;60;Dry;No;3;Savanna;0,03674185439;;;;;;;;;;;;;;
655;2017/07/27;11:46;-23,66771667;31,52276667;Tar;60;Dry;No;2;Savanna;0,03953638834;;;;;;;;;;;;;;
656;2017/07/27;11:59;-23,6733;31,5293;Tar;60;Dry;No;3;Savanna;0,04195289748;;;;;;;;;;;;;;
657;2017/07/27;12:12;-23,67368333;31,53898333;Tar;50;Dry;No;4;Savanna;0,05059946109;;;;;;;;;;;;;;
658;2017/07/27;12:26;-23,68048333;31,54498333;Tar;50;Dry;No;4;Savanna;0,05138396177;;;;;;;;;;;;;;
659;2017/07/27;12:39;-23,68921667;31,54755;Tar;50;Dry;No;2;Savanna;0,04968518133;;;< 6;> 20;;;;;;;;;;
660;2017/07/27;12:52;-23,69741667;31,548;Tar;50;Dry;No;7;Savanna;0,04456750457;;;;;;;;;;;;;;
661;2017/07/27;13:05;-23,70593333;31,5433;Tar;60;Dry;No;6;Savanna;0,03537741141;;;< 6;> 20;;;;;;;;;>= 6;< 20
662;2017/07/28;8:05;-23,92836667;31,38223333;Tar;0;Dry;No;2;Savanna;0,02997173955;;;;;;;;;;;;;;
663;2017/07/28;8:17;-23,92676667;31,39211667;Tar;0;Dry;No;3;Savanna;0,03235384262;;;;;;;;;;;;;;
664;2017/07/28;8:29;-23,9296;31,39961667;Tar;10;Dry;No;4;Savanna;0,03885450955;;;;;;;;;;;;;;
665;2017/07/28;8:42;-23,92645;31,40838333;Tar;30;Dry;No;8;Savanna;0,04229334623;;;;;;;;;;;;;;
666;2017/07/28;8:55;-23,92553333;31,41823333;Tar;50;Dry;No;1;Savanna;0,04762858605;;;;;;;;;;;;;;
667;2017/07/28;9:09;-23,91935;31,42518333;Tar;60;Dry;No;2;Savanna;0,04314793119;;;;;;;;;;;;;;
668;2017/07/28;9:22;-23,91328333;31,43085;Tar;60;Dry;No;4;Savanna;0,03981863016;;;;;;;;;;;;;;
669;2017/07/28;9:36;-23,91368333;31,44016667;Tar;80;Dry;No;2;Savanna;0,04534848101;;;;;;;;;;;;;;
670;2017/07/28;9:49;-23,91105;31,44953333;Tar;80;Dry;No;0;Savanna;0,04977752148;;;;;;;;;;;;;;
671;2017/07/28;10:02;-23,91515;31,45731667;Tar;50;Dry;No;4;Savanna;0,05802284515;;;;;;;;;;;;;;
672;2017/07/28;10:18;-23,9213;31,46393333;Tar;40;Dry;No;5;Savanna;0,06703995435;;;;;;;;;;;;;;
673;2017/07/28;10:31;-23,92526667;31,47271667;Tar;40;Dry;No;2;Savanna;0,07607218072;;;;;;;;;;;;;;
674;2017/07/28;10:44;-23,93058333;31,48016667;Tar;40;Dry;No;4;Savanna;0,08514718496;;;;;;;;;;;;;;
675;2017/07/28;10:58;-23,93166667;31,4899;Tar;50;Dry;No;5;Savanna;0,09322828484;;;;;;;;;;;;;;
676;2017/07/28;11:11;-23,9302;31,49783333;Tar;50;Dry;No;1;Savanna;0,09866059802;;;>= 6;> 20;;;< 6;> 20;;;;;;
677;2017/07/28;11:25;-23,92405;31,50446667;Tar;60;Dry;No;2;Savanna;0,10088778353;;;;;;;;;;;;;;
678;2017/07/28;11:39;-23,92048333;31,51366667;Tar;60;Dry;No;7;Savanna;0,09347403445;;;;;;;;;;;;;;
679;2017/07/28;11:52;-23,92083333;31,52281667;Tar;60;Dry;No;3;Savanna;0,08765997346;;;;;;;;;;;;;;
680;2017/07/28;12:05;-23,91708333;31,52991667;Tar;60;Dry;No;2;Savanna;0,08031977006;;;;;;;;;;;;;;
681;2017/07/28;12:18;-23,90973333;31,53578333;Tar;60;Dry;No;5;Savanna;0,07091909327;;;;;;;;;;;;;;
682;2017/07/28;12:31;-23,90245;31,53963333;Tar;60;Dry;No;4;Savanna;0,06279675063;;;;;;;;;;;;;;
683;2017/07/28;12:45;-23,89383333;31,5401;Tar;40;Dry;No;5;Savanna;0,05594686440;;;;;;;;;;;;;;
684;2017/07/28;13:00;-23,8857;31,54276667;Tar;30;Dry;No;3;Savanna;0,04826732920;;;;;< 6;> 20;;;;;<  6;< 20;< 6;> 20
685;2017/07/28;13:14;-23,87763333;31,54548333;Tar;30;Dry;No;14;Savanna;0,04084215371;;;;;;;;;;;;;< 6;< 20
686;2017/07/28;13:27;-23,87046667;31,5507;Tar;30;Dry;No;4;Savanna;0,03234281991;;;;;;;;;;;;;;
687;2017/07/28;13:40;-23,86365;31,55696667;Tar;30;Dry;No;4;Savanna;0,02336770603;;;;;;;;;;;;;;
688;2017/07/31;7:56;-23,86366667;31,57251667;Tar;100;Dry;No;4;Savanna;0,01214456808;;;;;;;< 6;> 20;;;;;;
689;2017/07/31;8:10;-23,86793333;31,58088333;Tar;100;Dry;No;3;Savanna;0,01478981927;;;< 6;> 20;;;;;;;;;;
690;2017/07/31;8:23;-23,87575;31,58451667;Tar;100;Dry;No;8;Savanna;0,02245228833;;;;;;;;;;;;;;
691;2017/07/31;8:36;-23,88338333;31,57971667;Tar;100;Dry;Yes;6;Savanna;0,03027447985;;;;;;;;;;;;;;
692;2017/07/31;8:50;-23,89183333;31,58286667;Tar;100;Wet;Yes;4;Savanna;0,03858940839;;;;;;;;;;;;;;
693;2017/07/31;9:03;-23,89943333;31,58741667;Tar;100;Wet;No;10;Savanna;0,04469067201;;;;;;;;;;;;;;
694;2017/07/31;9:15;-23,90536667;31,5945;Tar;100;Wet;No;3;Savanna;0,04973675495;;;;;;;;;;;;;;
695;2017/07/31;9:28;-23,91066667;31,60211667;Tar;90;Dry;No;3;Savanna;0,05422857687;;;;;;;;;;;;;;
696;2017/07/31;9:41;-23,919;31,60481667;Tar;80;Dry;No;14;Savanna;0,05711068140;;;;;;;;;;;;;;
697;2017/07/31;9:55;-23,92661667;31,60081667;Tar;70;Dry;No;8;Savanna;0,06498591488;;;;;;;;;;;;;;
698;2017/07/31;10:08;-23,93343333;31,60601667;Tar;80;Dry;No;4;Savanna;0,06595316116;;;;;;;;;;;;;;
699;2017/07/31;10:21;-23,93961667;31,6119;Tar;80;Dry;No;4;Savanna;0,06515955838;;;;;;;;;;;;;;
700;2017/07/31;10:34;-23,94886667;31,61685;Tar;60;Dry;No;6;Savanna;0,06706189625;;;;;;;;;;;;;;
701;2017/07/31;10:48;-23,95598333;31,62338333;Tar;60;Dry;No;14;Savanna;0,06331319208;;;;;;;;;;;;;;
702;2017/07/31;11:00;-23,96273333;31,62576667;Tar;60;Dry;No;3;Savanna;0,05624962985;;;;;;;;;;;;;;
703;2017/07/31;11:13;-23,97085;31,6298;Tar;70;Dry;No;0;Savanna;0,04755097641;;;;;;;>= 6;> 20;;;;;>= 6;> 20
704;2017/07/31;11:28;-23,97548333;31,6364;Tar;70;Dry;No;1;Savanna;0,04186289726;;;;;;;;;;;;;;
705;2017/07/31;11:41;-23,98141667;31,643;Tar;90;Dry;No;4;Savanna;0,03491527874;;;;;;;;;;;;;;
706;2017/07/31;11:55;-23,9902;31,64211667;Tar;90;Dry;No;5;Savanna;0,02640086511;;;;;;;;;;;;;;
707;2017/07/31;12:08;-23,99895;31,64403333;Tar;70;Dry;No;0;Savanna;0,01745402020;;;;;;;;;;;;;;
708;2017/07/31;12:21;-24,0059;31,64905;Tar;90;Dry;No;5;Savanna;0,00976699287;;;;;;;;;;;;;;
709;2017/07/31;12:35;-24,01408333;31,65228333;Tar;90;Dry;No;4;Savanna;0,00123878657;;;;;;;>= 6;> 20;;;;;;
710;2017/08/01;8:05;-23,87401667;31,46198333;Dirt;100;Dry;No;0;Savanna;0,04371696039;;;;;;;;;;;;;;
711;2017/08/01;8:17;-23,87293333;31,45221667;Dirt;100;Dry;No;0;Savanna;0,03390356417;;;;;;;;;;;;;;
712;2017/08/01;8:31;-23,8715;31,44261667;Dirt;90;Dry;No;0;Savanna;0,02424563610;;;;;;;;;;;;;;
713;2017/08/01;8:44;-23,87131667;31,43325;Dirt;70;Dry;No;0;Savanna;0,01488095229;;;;;;;;;;;;;;
714;2017/08/01;8:58;-23,86943333;31,42408333;Dirt;60;Dry;No;0;Savanna;0,00562048243;;;;;;;;;;;;;;
715;2017/08/01;9:12;-23,87148333;31,4147;Dirt;60;Dry;No;0;Savanna;0,00250074321;;;< 6;> 20;;;;;;;;;>= 6;< 20
716;2017/08/01;9:27;-23,87371667;31,4056;Dirt;60;Dry;No;0;Savanna;0,00427644486;;;;;;;;;;;;;;
717;2017/08/01;9:41;-23,8741;31,39608333;Dirt;60;Dry;No;2;Savanna;0,00586416616;;;;;;;;;;;;;;
718;2017/08/01;9:54;-23,87128333;31,38715;Dirt;70;Dry;No;0;Savanna;0,01181044327;;;;;;;;;;;;;;
719;2017/08/01;10:09;-23,86795;31,37843333;Dirt;70;Dry;No;0;Savanna;0,01931302344;;;;;;;;;;;;;;
720;2017/08/01;10:23;-23,86316667;31,37033333;Dirt;70;Dry;No;0;Savanna;0,02792790680;;;;;;;;;;;;;;
721;2017/08/01;10:36;-23,86021667;31,3614;Dirt;50;Dry;No;1;Savanna;0,03589303520;;;;;;;;;;;;;;
722;2017/08/01;10:52;-23,85993333;31,35056667;Dirt;50;Dry;No;0;Savanna;0,04260747832;;;;;;;;;;;;;;
723;2017/08/01;11:07;-23,86115;31,34148333;Dirt;50;Dry;No;0;Savanna;0,04421358373;;;;;;;;;;;;;;
724;2017/08/01;11:35;-23,86076667;31,33191667;Dirt;50;Dry;No;0;Savanna;0,04905497880;;;;;;;;;;;;;;
725;2017/08/01;11:48;-23,86493333;31,32316667;Dirt;60;Dry;No;0;Savanna;0,05018769111;;;;;;;;;;;;;;
726;2017/08/01;12:02;-23,86845;31,31386667;Dirt;60;Dry;No;2;Savanna;0,05307743245;< 6;> 20;;;;;>= 6;> 20;;;<  6;> 20;< 6;> 20
727;2017/08/01;12:18;-23,86891667;31,30418333;Dirt;60;Dry;No;0;Savanna;0,05951468696;;;;;;;;;;;;;;
728;2017/08/01;12:33;-23,86931667;31,2945;Dirt;60;Dry;No;0;Savanna;0,06678328682;;;;;;;;;;;;;;
729;2017/08/01;12:46;-23,86913333;31,28478333;Dirt;70;Dry;No;0;Savanna;0,07494008827;;;;;;;< 6;< 20;;;;;;
730;2017/08/01;12:59;-23,86775;31,27508333;Dirt;70;Dry;No;0;Savanna;0,08399697277;;;;;;;;;;;;;;
731;2017/08/01;13:15;-23,86521667;31,26606667;Dirt;80;Dry;No;1;Savanna;0,09312822215;;;;;;;;;;;;;;
732;2017/08/02;7:54;-23,93943333;31,18186667;Tar;70;Dry;No;4;Savanna;0,15765294727;;;;;;;;;;;;;;
733;2017/08/02;8:08;-23,93488333;31,1898;Tar;70;Dry;No;5;Savanna;0,15866832589;;;;;;;;;;;;;;
734;2017/08/02;8:22;-23,9357;31,1998;Tar;70;Dry;No;7;Savanna;0,15100155876;;;;;;;>= 6;< 20;;;;;;
735;2017/08/02;8:36;-23,93215;31,20808333;Tar;70;Dry;No;6;Savanna;0,14223223737;;;;;;;;;;;;;;
736;2017/08/02;8:49;-23,92738333;31,21601667;Tar;70;Dry;No;4;Savanna;0,13366654354;;;;;;;;;;;;;;
737;2017/08/02;9:02;-23,92611667;31,22576667;Tar;70;Dry;No;8;Savanna;0,12383519362;;;;;;;< 6;< 20;;;;;;
738;2017/08/02;9:15;-23,92103333;31,23336667;Tar;70;Dry;No;5;Savanna;0,11566627019;;;;;;;;;;;;;;
739;2017/08/02;9:28;-23,91863333;31,24213333;Tar;70;Dry;No;9;Savanna;0,10670455644;;;>= 6;< 20;;;>= 6;< 20;;;;;;
740;2017/08/02;9:48;-23,91846667;31,2508;Tar;70;Dry;No;4;Savanna;0,09806162317;;;;;;;;;;;;;;
741;2017/08/02;10:02;-23,91848333;31,26043333;Tar;70;Dry;No;3;Savanna;0,08848242702;;;;;;;;;;;;;;
742;2017/08/02;10:15;-23,92078333;31,26935;Tar;70;Dry;No;2;Savanna;0,07993870993;;;;;;;;;;;;;< 6;> 20
743;2017/08/02;10:28;-23,91991667;31,27836667;Tar;70;Dry;No;0;Savanna;0,07089592586;;;;;;;;;;;;;;
744;2017/08/02;10:41;-23,92115;31,2877;Tar;70;Dry;No;4;Savanna;0,06193070291;;;;;;;;;;;;;;
745;2017/08/02;10:54;-23,92115;31,2974;Tar;70;Dry;No;6;Savanna;0,05246221599;;;;;;;;;;;;;;
746;2017/08/02;11:08;-23,92258333;31,30705;Tar;70;Dry;No;6;Savanna;0,04357753665;;;;;;;;;;;;;;
747;2017/08/02;11:20;-23,92526667;31,315;Tar;70;Dry;No;3;Savanna;0,03723374062;;;;;;;;;;;;;;
748;2017/08/02;11:34;-23,92456667;31,32411667;Tar;70;Dry;No;2;Savanna;0,02895187239;;;;;;;;;;;;;;
749;2017/08/02;11:47;-23,92596667;31,33356667;Tar;70;Dry;No;3;Savanna;0,02269566701;;;;;;;;;;;;;;
750;2017/08/02;12:00;-23,92998333;31,34233333;Tar;70;Dry;No;5;Savanna;0,02205566735;;;;;;;;;;;;;;
751;2017/08/02;12:13;-23,9289;31,35215;Tar;30;Dry;No;1;Savanna;0,02047669919;;;;;;;;;;;;;;
752;2017/08/02;12:26;-23,92636667;31,36136667;Tar;30;Dry;No;3;Savanna;0,02157669117;;;;;;;< 6;> 20;;;;;;
753;2017/08/02;12:39;-23,9254;31,37125;Tar;30;Dry;No;4;Savanna;0,02457000990;;;;;;;;;;;;;;
754;2017/08/05;11:19;-23,84273333;31,63928333;Dirt;0;Dry;No;3;Savanna;0,00292903411;;;;;;;;;;;;;;
755;2017/08/05;11:32;-23,8527;31,64311667;Dirt;1;Dry;No;1;Savanna;0,00336266399;;;;;;;;;;;;;;
756;2017/08/05;11:46;-23,8614;31,64061667;Dirt;2;Dry;No;1;Savanna;0,00529810786;;;;;;;;;;;;;;
757;2017/08/05;12:01;-23,87046667;31,64108333;Dirt;3;Dry;No;2;Savanna;0,00337565371;;;;;;;< 6;< 20;;;;;;
758;2017/08/05;12:14;-23,8791;31,64288333;Dirt;4;Dry;No;2;Savanna;0,00302789989;;;;;;;;;;;;;;
759;2017/08/05;12:28;-23,88465;31,64881667;Dirt;5;Dry;No;0;Savanna;0,00129242210;;;;;;;>= 6;> 20;;;;;;
760;2017/08/05;12:43;-23,89086667;31,65481667;Dirt;6;Dry;No;2;Savanna;0,00168769334;< 6;> 20;;;;;;;< 6;> 20;;;;
761;2017/08/05;12:58;-23,89801667;31,65385;Dirt;7;Dry;No;1;Savanna;0,00706202006;;;;;;;;;;;;;;
762;2017/08/05;13:13;-23,90075;31,65458333;Dirt;8;Dry;No;5;Savanna;0,00826813522;;;;;;;>= 6;< 20;;;;;;
763;2017/08/05;13:27;-23,90445;31,66371667;Dirt;9;Dry;No;1;Savanna;0,00253681790;;;;;;;;;< 6;> 20;;;;
764;2017/08/05;13:41;-23,9119;31,66866667;Dirt;10;Dry;No;1;Savanna;0,00415973287;;;;;;;;;;;;;;
765;2017/08/05;13:55;-23,91585;31,67661667;Dirt;11;Dry;No;1;Savanna;0,00502374738;;;;;;;;;;;;;;
766;2017/08/05;14:08;-23,91795;31,68588333;Dirt;12;Dry;No;0;Savanna;0,00733736618;;;;;;;;;;;;;;
767;2017/08/05;14:21;-23,91556667;31,6929;Dirt;13;Dry;No;2;Savanna;0,00242323494;;;;;;;;;;;;;;
768;2017/08/05;14:35;-23,92228333;31,70093333;Dirt;14;Dry;No;0;Savanna;0,00306723568;;;;;;;;;;;;;;
769;2017/08/05;14:51;-23,92878333;31,70626667;Dirt;15;Dry;No;0;Savanna;0,00286757257;;;;;;;;;;;;;;
770;2017/08/05;15:05;-23,93536667;31,71085;Dirt;16;Dry;No;2;Savanna;0,00349888586;;;;;;;;;;;;;;
